number,title,Place
2,ジェットコースター殺人事件,トロピカルランド
3,社長令嬢誘拐事件,谷邸
4,アイドル密室殺人事件,沖野ヨーコの自宅マンション
5,赤鬼村火祭殺人事件,赤鬼村火祭
6,奇妙な人捜し殺人事件,米花市内各所
7,幽霊屋敷殺人事件,四丁目の古びた洋館
8,豪華客船連続殺人事件,本家貸切の客船
9,月いちプレゼント脅迫事件,米花総合病院
10,美術館オーナー殺人事件,米花美術館
11,新幹線大爆破事件,新幹線車内
12,大都会暗号マップ事件,米花市内各所
13,山荘包帯男殺人事件,鈴木家の別荘
14,カラオケボックス殺人事件,カラオケボックス
15,江戸川コナン誘拐事件,米花ホテル
16,骨董品コレクター殺人事件,丸伝次郎邸の離れ
17,消えた死体殺人事件,田中宅
18,天下一夜祭殺人事件,埼玉県桶山ホテル
19,ピアノソナタ「月光」殺人事件,月影島
20,プロサッカー選手脅迫事件,赤木のマンション
21,闇の男爵[ナイトバロン]殺人事件,伊豆プリンセスホテル
22,6月の花嫁殺人事件,教会
23,歩美ちゃん誘拐事件,米花市内各所
24,小五郎の同窓会殺人事件,温泉旅館「弁慶」
25,資産家令嬢殺人事件,四井家別荘
26,外交官殺人事件,辻村邸
27,図書館殺人事件,米花図書館
28,雪山山荘殺人事件,大山の別荘
29,テレビ局殺人事件,日売テレビ
30,コーヒーショップ殺人事件,CafeRoyal
31,霧天狗伝説殺人事件,山泥寺
32,月と星と太陽の秘密,阿笠栗介の別荘
33,ゲーム会社殺人事件,米花ホテル、大黒ビル
34,ホームズ・フリーク殺人事件,ペンション「Mycroft（マイクロフト）」
35,三つ子別荘殺人事件,伊豆の富沢家別荘
36,イラストレーター殺人事件,米花第２マンション
37,大怪獣ゴメラ殺人事件,大宝撮影所
38,追いつめられた名探偵！連続2大殺人事件[1],九十九元康邸の地下室
39,追いつめられた名探偵！連続2大殺人事件[2],籔内家
40,スキーロッジ殺人事件,貸別荘
41,人気アーティスト誘拐事件,倉庫の二階
42,金融会社社長殺人事件,肥田金融の社長室
43,名家連続変死事件,長門邸
44,帝丹小学校七不思議事件,帝丹小学校
45,コナンvs.怪盗キッド,米花博物館/Q・セリザベス号
46,名陶芸家殺人事件,菊右衛門邸
47,スキューバダイビング殺人事件,伊豆の海水浴場
48,強盗犯人入院事件,米花総合病院
49,盗賊団謎の洋館事件,出淵紋時郎の洋館
50,時代劇俳優殺人事件,土方幸三郎のマンション
51,初恋の人思い出事件,東都大推理研究会が借りた別荘
52,黒の組織から来た女大学教授殺人事件[1],大渡間新聞社
53,黒の組織から来た女大学教授殺人事件[2],広田家
54,ミステリー作家失踪事件,大学館文芸時代編集部
55,浪花の連続殺人事件,大阪府内各所
56,競技場無差別脅迫事件,国立競技場
57,奇術愛好家殺人事件,奇術愛好家連盟の貸別荘
58,バスルーム密室事件,青島邸
59,青の古城探索事件,間宮邸
60,空飛ぶ密室工藤新一最初の事件,飛行機内
61,本庁の刑事恋物語,増尾邸
62,結婚前夜の密室事件,森園邸
63,上野発北斗星3号,寝台列車「北斗星」
64,園子のアブない夏物語,伊豆・瓦屋旅館
65,最後の上映殺人事件,映画館「キネカ7」
66,二十年目の殺意シンフォニー号連続殺人事件,小笠原イルカツアーの客船
67,本庁の刑事恋物語2,杯戸町内各所
68,暗闇の中の死角,新出邸
69,黒の組織との再会,杯戸シティホテル
70,よみがえる死の伝言[ダイイング・メッセージ],トロピカルランドスケートリンク
71,鳥取クモ屋敷の怪,鳥取県・武田家
72,命がけの復活[洞窟の探偵団／負傷した名探偵],キャンプ場
73,命がけの復活[第3の選択／黒衣の騎士],帝丹高校
74,命がけの復活[帰ってきた新一…&約束の場所],米花センタービル
75,意味深なオルゴール,緒方家
76,容疑者・毛利小五郎,軽井沢のホテル
77,本庁の刑事恋物語3,品川
78,バトルゲームの罠,ゲームセンター「GAMEONGAME」
79,きのこと熊と探偵団,山の中
80,偽りだらけの依頼人,柴田家
81,そして人魚はいなくなった,福井県・美國島（びくにじま）
82,封印された目暮の秘密,杯戸百貨店
83,謎めいた乗客,バスの中
84,消えなかった証拠,加納家
85,大阪“3つのK”事件,ホテルK3
86,新幹線護送事件,新幹線車内
87,集められた名探偵！工藤新一vs.怪盗キッド,黄昏の館
88,元太少年の災難,米花市内
89,殺意の陶芸教室,陶芸教室の物置
90,毛利小五郎のニセ者,葵屋旅館
91,網にかかった謎,伊豆・海水浴場
92,大阪ダブルミステリー浪花剣士と太閤の城[1],浪花中央体育館
93,大阪ダブルミステリー浪花剣士と太閤の城[2],大阪城
94,アイドル達の秘密,草野薫宅
95,シカゴから来た男,米花市内～埼玉県
96,本庁の刑事恋物語4,杯戸町・水都楼
97,本庁の刑事恋物語4,米花町・コンビニ
97,バレンタインの真実,吹渡山荘
98,犯罪の忘れ形見,護田宅
99,隠して急いで省略,ビルのエスカレーター
100,西の名探偵vs.英語教師,高井宅
101,迷宮のフーリガン,東都鉄道・杯戸駅
102,中華街雨のデジャビュ,神奈川県・中華街の中華料理店
103,工藤新一NY[ニューヨーク]の事件,NYブロードウェイ・ファントム劇場（シアター）
104,幽霊屋敷の真実,オンボロアパート
105,迷いの森の光彦,群馬県の森
106,孤島の姫と竜宮城,沖縄県船浦島
107,悪意と聖者の行進,米花市大通り
108,揺れる警視庁1200万人の人質,東都タワーのエレベーター
109,見えない容疑者,富士山の山奥の洋館
110,残された声なき証言,ホテルニュー米花2004号室
111,黒の組織との接触[交渉編／追跡編／決死編],BMW車内
112,夕陽に染まった雛人形,観野家宅
113,汚れた覆面ヒーロー,東都国技館
114,服部平次絶体絶命！,伊藤美沙里邸
115,炎の中に赤い馬,諸角邸
116,お金で買えない友情,キャンプ場
117,小さな依頼者,熱海の旅館205号室
118,本庁の刑事恋物語5,トロピカルマリンランド
119,疑惑の辛口カレー,軽井沢の屋敷
120,イチョウ色の初恋,東都動物園
121,似た者プリンセス,藤枝邸
122,東都現像所の秘密,東都現像所
123,東都現像所の秘密,穂島朗の自宅マンション
123,4台のポルシェ,阿笠博士の家
124,4台のポルシェ,東都デパート地下駐車場
125,4台のポルシェ,東都デパートレストラン街
124,トイレに隠した秘密,阿笠博士の家
125,トイレに隠した秘密,出島デザイン事務所（宮野博士の生家）
126,トイレに隠した秘密,阿笠博士のビートル車内
125,コンビニの落とし穴,帝丹高校
126,コンビニの落とし穴,コンビニエンス・サンデーマート
127,コンビニの落とし穴,ジョディのマンション
126,黒の組織と真っ向勝負満月の夜の二元ミステリー,毛利探偵事務所
127,黒の組織と真っ向勝負満月の夜の二元ミステリー,阿笠博士の家
128,黒の組織と真っ向勝負満月の夜の二元ミステリー,幽霊船シーファントム号
129,黒の組織と真っ向勝負満月の夜の二元ミステリー,横浜港の埠頭
130,黒の組織と真っ向勝負満月の夜の二元ミステリー,森
127,お尻のマークを探せ！,米花総合病院
128,お尻のマークを探せ！,米花町内の路上
129,お尻のマークを探せ！,警視庁
130,お尻のマークを探せ！,米花警察署
128,忘れられた携帯電話,喫茶ポアロ
129,どっちの推理ショー,毛利探偵事務所
130,どっちの推理ショー,杯戸町のパスタ屋
131,どっちの推理ショー,辻谷玩具製作所
130,甲子園の奇跡！見えない悪魔に負けず嫌い,甲子園球場
131,本庁の刑事恋物語6,警視庁
132,本庁の刑事恋物語6,千葉刑事の部屋
132,怪盗キッドの驚異空中歩行,鈴木次郎吉の屋敷
133,怪盗キッドの驚異空中歩行,毛利探偵事務所
134,怪盗キッドの驚異空中歩行,鈴木大博物館
133,帝丹高校学校怪談,毛利探偵事務所
134,帝丹高校学校怪談,帝丹高校
134,丸見え埠頭の惨劇,沖の防波堤
135,物言わぬ航路,沖縄県那覇市
136,物言わぬ航路,那覇空港
137,物言わぬ航路,沖縄県警那覇署
138,物言わぬ航路,毛利探偵事務所
139,物言わぬ航路,宮崎プリンセスホテル
140,物言わぬ航路,飛行機JAL931便の機内
136,星と煙草の暗号,群馬の山奥のペンション天土
137,ストラディバリウスの不協和音[前奏曲／間奏曲／後奏曲],阿笠博士の家
138,ストラディバリウスの不協和音[前奏曲／間奏曲／後奏曲],毛利探偵事務所
139,ストラディバリウスの不協和音[前奏曲／間奏曲／後奏曲],設楽家
138,奇抜な屋敷の大冒険[封印編／絡繰編／解決編],キャンプ場
139,奇抜な屋敷の大冒険[封印編／絡繰編／解決編],三水吉右衛門の屋敷
139,奇妙な一家の依頼疑惑を持った蘭,毛利探偵事務所
140,奇妙な一家の依頼疑惑を持った蘭,狩谷家
141,奇妙な一家の依頼疑惑を持った蘭,提無津川の川縁
140,宝石強盗現行犯,宝石店
141,宝石強盗現行犯,猫田食品輸入会社
141,コナン・平次の推理マジック[仕掛編／館編／解決編],星川童吾超奇術ショー会場
142,コナン・平次の推理マジック[仕掛編／館編／解決編],ショー控え室
143,コナン・平次の推理マジック[仕掛編／館編／解決編],Mr.正影の家
142,神社鳥居ビックリ暗号,山奥のキャンプ場
143,神社鳥居ビックリ暗号,丸虫温泉
144,神社鳥居ビックリ暗号,村の神社の鳥居
145,神社鳥居ビックリ暗号,嘉納の車
143,仏滅に出る悪霊[事件編／疑惑編／解決編],静岡の国友家
144,ブラックインパクト！組織の手が届く瞬間,日売TVのスタジオ
145,ブラックインパクト！組織の手が届く瞬間,日売TVの食堂
146,ブラックインパクト！組織の手が届く瞬間,杯戸町の水無怜奈の自宅マンション
147,ブラックインパクト！組織の手が届く瞬間,阿笠博士のビートル車内
148,ブラックインパクト！組織の手が届く瞬間,ジェイムズ・ブラックのベンツ車内
149,ブラックインパクト！組織の手が届く瞬間,廃屋の倉庫
150,ブラックインパクト！組織の手が届く瞬間,阿笠博士の家
151,ブラックインパクト！組織の手が届く瞬間,鳥矢大橋
152,ブラックインパクト！組織の手が届く瞬間,毛利小五郎探偵事務所
153,ブラックインパクト！組織の手が届く瞬間,杯戸中央病院
145,超秘密の通学路,帝丹小学校
146,超秘密の通学路,雨宮祥子の家
147,超秘密の通学路,三池の家
148,超秘密の通学路,サンデーマート
149,超秘密の通学路,米花薬局
150,超秘密の通学路,古い倉庫
151,超秘密の通学路,新出医院
152,超秘密の通学路,毛利探偵事務所
146,もう戻れない二人,毛利探偵事務所
147,もう戻れない二人,群馬のスキー場
147,本庁の刑事恋物語7,カフェ
148,本庁の刑事恋物語7,江本姉弟のマンション
149,本庁の刑事恋物語7,六田のアパート
150,本庁の刑事恋物語7,引屋の自宅
151,本庁の刑事恋物語7,佐塚の自宅
152,本庁の刑事恋物語7,警視庁
148,探偵団に注目取材,帝丹小学校
149,探偵団に注目取材,杉森のアパート
149,平次の思い出,毛利探偵事務所
150,平次の思い出,服部平次の家
151,平次の思い出,山形県のスキー場
152,平次の思い出,スキー場近くのホテル
153,平次の思い出,大阪府警本部
150,お魚メールの追跡,喫茶ポアロ
151,お魚メールの追跡,桔前崎の駐車場
151,ため息潮干狩り,神奈川の干潟
152,ため息潮干狩り,干潟近くの駐車場
152,ロシアンブルーの秘密,毛利小五郎探偵事務所
153,封印された洋窓,園子の別荘近くの、ドルクスメンバーの別荘
154,因縁と友情の試写会,東都シネマ
155,因縁と友情の試写会,奥穂第2ビル
155,本庁の刑事恋物語[偽りのウェディング],結婚式場
156,本庁の刑事恋物語[偽りのウェディング],提無津川べりの空き倉庫
156,ひっくり返った結末,ホテルニュー米花
157,ひっくり返った結末,萬田年久の家
158,ひっくり返った結末,原本高平の家
157,園子の赤いハンカチ,『冬の紅葉』ロケ地の山
158,園子の赤いハンカチ,赤樹旅館
159,園子の赤いハンカチ,ファミリーレストランChu-ji
158,怪盗キッドと四名画,奥多摩にある及川の別荘
159,1年B組大作戦！,帝丹小学校1-B
160,1年B組大作戦！,音楽室
160,黒の組織の影[幼い目撃者／奇妙な照明],杯戸中央病院
161,黒の組織の影[幼い目撃者／奇妙な照明],毛利探偵事務所
162,黒の組織の影[幼い目撃者／奇妙な照明],杯戸大橋
163,黒の組織の影[幼い目撃者／奇妙な照明],杯戸中央橋
164,黒の組織の影[幼い目撃者／奇妙な照明],杯戸新橋
165,黒の組織の影[幼い目撃者／奇妙な照明],タトゥーショップNAILSNAKE
161,黒の組織の影[謎の高額報酬／真珠の流れ星],ジンのポルシェ356A
162,黒の組織の影[謎の高額報酬／真珠の流れ星],喫茶ポアロ
163,黒の組織の影[謎の高額報酬／真珠の流れ星],鳥矢町3丁目の公園
164,黒の組織の影[謎の高額報酬／真珠の流れ星],船本家
162,割れない雪だるま,群馬のスキー場
163,割れない雪だるま,博士のビートル
163,服部平次との3日間[1],桜祭り会場
164,服部平次との3日間[1],昇岳寺
165,服部平次との3日間[1],昇岳寺の離れ
164,服部平次との3日間[2],毛利探偵事務所
165,服部平次との3日間[2],クルーザー船内
166,服部平次との3日間[2],孤島のロッジ
165,元太の必殺シュート,スタジアム
166,元太の必殺シュート,場外馬券場に近いデパートの地下駐車場
167,元太の必殺シュート,ケーキショップ「イケナカ」
168,元太の必殺シュート,喫茶ポアロ
166,工藤新一少年の冒険,帝丹小学校図書室
167,工藤新一少年の冒険,毛利家
168,工藤新一少年の冒険,工藤家
169,工藤新一少年の冒険,阿笠博士のビートル
170,工藤新一少年の冒険,杯戸港
171,工藤新一少年の冒険,鳥矢水門
172,工藤新一少年の冒険,踏切
173,工藤新一少年の冒険,奥穂郵便局
174,工藤新一少年の冒険,米花町区役所出張所
167,妃英理弁護士の恋,妃法律事務所
168,妃英理弁護士の恋,ドッグカフェ
169,妃英理弁護士の恋,カラオケスナックJ&P
168,本庁の刑事恋物語8[左手の薬指],警視庁
169,本庁の刑事恋物語8[左手の薬指],奥多摩にある諸口の別荘
169,山姥の刃物,群馬の山奥
170,山姥の刃物,田中家
170,黒い写真の行方,阿笠博士の家
171,黒い写真の行方,西郡宗兵の自宅マンション
171,赤と黒のクラッシュ[発端／血縁],毛利探偵事務所
172,赤と黒のクラッシュ[発端／血縁],西米花病院
173,赤と黒のクラッシュ[発端／血縁],ハンバーガーショップ
174,赤と黒のクラッシュ[発端／血縁],競馬場
175,赤と黒のクラッシュ[発端／血縁],庵野家
172,赤と黒のクラッシュ[血縁／絶叫／冥土],杯戸中央病院
173,赤と黒のクラッシュ[血縁／絶叫／冥土],毛利探偵事務所
174,赤と黒のクラッシュ[血縁／絶叫／冥土],奥平家
173,テレビ局の悪魔,日売TV
174,逃亡者,喫茶ポアロ
175,逃亡者,競馬場
176,逃亡者,フレンチカフェ
177,逃亡者,映画館
178,逃亡者,阿笠博士の家
175,赤と黒のクラッシュ[昏睡／侵入],毛利探偵事務所
176,赤と黒のクラッシュ[昏睡／侵入],杯戸中央病院
177,赤と黒のクラッシュ[昏睡／侵入],阿笠博士の家
178,赤と黒のクラッシュ[昏睡／侵入],FBIのワンボックスカー
176,赤と黒のクラッシュ[覚醒／攪乱／偽装／遺言／嫌疑],ジンのポルシェ356A
177,赤と黒のクラッシュ[覚醒／攪乱／偽装／遺言／嫌疑],杯戸中央病院
178,赤と黒のクラッシュ[覚醒／攪乱／偽装／遺言／嫌疑],水無怜奈の病室
179,赤と黒のクラッシュ[覚醒／攪乱／偽装／遺言／嫌疑],ファミリーレストランHAIDO
180,赤と黒のクラッシュ[覚醒／攪乱／偽装／遺言／嫌疑],TR杯戸駅
181,赤と黒のクラッシュ[覚醒／攪乱／偽装／遺言／嫌疑],HAIDOCINEMA
182,赤と黒のクラッシュ[覚醒／攪乱／偽装／遺言／嫌疑],橋
183,赤と黒のクラッシュ[覚醒／攪乱／偽装／遺言／嫌疑],杯戸中央病院の駐車場
184,赤と黒のクラッシュ[覚醒／攪乱／偽装／遺言／嫌疑],幹線道路
177,赤と黒のクラッシュ[嫌疑／潔白／決死／殉職],杯戸中央病院
178,赤と黒のクラッシュ[嫌疑／潔白／決死／殉職],ジンのポルシェ356
179,赤と黒のクラッシュ[嫌疑／潔白／決死／殉職],ニュー米花ホテル
180,赤と黒のクラッシュ[嫌疑／潔白／決死／殉職],埠頭の倉庫街
181,赤と黒のクラッシュ[嫌疑／潔白／決死／殉職],来葉峠
182,赤と黒のクラッシュ[嫌疑／潔白／決死／殉職],警視庁
183,赤と黒のクラッシュ[嫌疑／潔白／決死／殉職],ジェイムズのベンツ
178,弁護士妃英理の証言,ヘアサロンHASAKA
179,弁護士妃英理の証言,小五郎の運転する車の中
180,弁護士妃英理の証言,ゴミ置き場
181,弁護士妃英理の証言,コンビニエンス・サンデーマート
179,風林火山迷宮の鎧武者／陰と雷光の決着,虎田家邸内
180,風林火山迷宮の鎧武者／陰と雷光の決着,龍尾家邸内
181,風林火山迷宮の鎧武者／陰と雷光の決着,流鏑馬稽古場
182,風林火山迷宮の鎧武者／陰と雷光の決着,虎田家馬小屋
183,風林火山迷宮の鎧武者／陰と雷光の決着,虎田邸近くの林
184,風林火山迷宮の鎧武者／陰と雷光の決着,埋蔵金探しの山小屋
185,風林火山迷宮の鎧武者／陰と雷光の決着,踏切
180,カラオケBOXの死角,書店
181,カラオケBOXの死角,3丁目のカラオケBOX
181,赤白黄色と探偵団／W暗号ミステリー,帝丹小学校
182,赤白黄色と探偵団／W暗号ミステリー,アパート木馬荘（米花町2丁目23番地）
183,赤白黄色と探偵団／W暗号ミステリー,阿笠博士の家
182,都市伝説の正体,米花公園
183,都市伝説の正体,マンション
184,都市伝説の正体,ハンマー男の部屋
185,都市伝説の正体,警視庁
186,都市伝説の正体,奥穂町3丁目のパチンコ店
183,殺意はコーヒーの香り,毛利探偵事務所
184,殺意はコーヒーの香り,20階にある中目プロデューサーのマンション
184,怪盗キッドの瞬間移動魔術[テレポーテーションマジック],鈴木次郎吉邸
185,怪盗キッドの瞬間移動魔術[テレポーテーションマジック],錦座4丁目交差点
186,怪盗キッドの瞬間移動魔術[テレポーテーションマジック],ビルの屋上
185,憎しみの青い火花,博士のビートル車内
186,憎しみの青い火花,周藤の別荘
187,憎しみの青い火花,別荘のガレージ
188,憎しみの青い火花,博士の家
186,推理対決!新一vs.沖矢昴,帝丹小学校
187,推理対決!新一vs.沖矢昴,工藤家
188,推理対決!新一vs.沖矢昴,ニュー米花ホテル
189,推理対決!新一vs.沖矢昴,米花タワーマンション
187,真犯人からの届け物,喫茶ポアロ
188,真犯人からの届け物,梓の部屋
188,柔よく謎を制す,妃法律事務所
189,柔よく謎を制す,妃法律事務所近くのホテル
190,柔よく謎を制す,有沢家
191,柔よく謎を制す,毛利探偵事務所
189,殺人犯、工藤新一／新一の正体に蘭の涙,東奥穂村
190,殺人犯、工藤新一／新一の正体に蘭の涙,阿笠博士の家
190,本当に聞きたいコト,東奥穂村
191,本当に聞きたいコト,レンタカー車内
192,本当に聞きたいコト,高速道路
193,本当に聞きたいコト,博士のビートル車内
191,回転寿司ミステリー,服部平次の家
192,回転寿司ミステリー,博士のビートル車内
193,回転寿司ミステリー,回転寿司旋風剣
194,回転寿司ミステリー,回転寿司かざぐるま
192,犯人は元太の父ちゃん,帝丹小学校
193,犯人は元太の父ちゃん,日売TV
193,霧にむせぶ魔女,群馬県冬名山
194,霧にむせぶ魔女,レンタカー車内
195,霧にむせぶ魔女,警視庁
196,霧にむせぶ魔女,毛利探偵事務所
194,魚が消える一角岩,神奈川の埠頭
195,魚が消える一角岩,一角岩
195,初恋の傷跡／過去を呼ぶ傷跡,毛利探偵事務所
196,初恋の傷跡／過去を呼ぶ傷跡,庄堂家
196,新たなる傷跡と口笛の男／古き傷跡と刑事の魂,塩葉埠頭
197,新たなる傷跡と口笛の男／古き傷跡と刑事の魂,サウナ
198,新たなる傷跡と口笛の男／古き傷跡と刑事の魂,歩美のマンション
199,新たなる傷跡と口笛の男／古き傷跡と刑事の魂,警視庁
200,新たなる傷跡と口笛の男／古き傷跡と刑事の魂,平棟の部屋
201,新たなる傷跡と口笛の男／古き傷跡と刑事の魂,坊川家
202,新たなる傷跡と口笛の男／古き傷跡と刑事の魂,麦田家
203,新たなる傷跡と口笛の男／古き傷跡と刑事の魂,鍋井家
204,新たなる傷跡と口笛の男／古き傷跡と刑事の魂,東京警察病院
197,怪盗キッドvs.最強金庫,喫茶ポアロ
198,怪盗キッドvs.最強金庫,鈴木次郎吉邸
198,探偵団vs.強盗団[騒然／沈黙],米花酒店
199,探偵団vs.強盗団[騒然／沈黙],ていと銀行
199,危険な2人連れ,毛利探偵事務所
200,危険な2人連れ,山梨のバス停
201,危険な2人連れ,ドライブイン
200,死亡の館、赤い壁[三顧の礼／掌中の物／死せる孔明／空城の計],希望の館
201,死亡の館、赤い壁[三顧の礼／掌中の物／死せる孔明／空城の計],翠川尚樹宅
202,死亡の館、赤い壁[三顧の礼／掌中の物／死せる孔明／空城の計],山吹デザイン事務所
203,死亡の館、赤い壁[三顧の礼／掌中の物／死せる孔明／空城の計],スタジオ・モモセ
204,死亡の館、赤い壁[三顧の礼／掌中の物／死せる孔明／空城の計],直木司郎のアパート
205,死亡の館、赤い壁[三顧の礼／掌中の物／死せる孔明／空城の計],新野病院
201,白鳥警部、桜の思い出,警視庁捜査一課
202,白鳥警部、桜の思い出,杯戸シネマ
203,白鳥警部、桜の思い出,笠倉那海の自宅マンション
202,もののけ倉でお宝バトル,帝丹小学校
203,もののけ倉でお宝バトル,毛利探偵事務所
204,もののけ倉でお宝バトル,米花町5丁目にある民家の倉
205,もののけ倉でお宝バトル,阿笠博士宅
206,もののけ倉でお宝バトル,帝丹小学校職員室
203,恥ずかしいお守りの行方,毛利探偵事務所
204,恥ずかしいお守りの行方,帝丹大学テニス部部室
205,恥ずかしいお守りの行方,国末の友人宅マンション
206,恥ずかしいお守りの行方,渋谷のスポーツバー
204,黒きドレスのアリバイ,久瀬未紘のマンション
205,黒きドレスのアリバイ,新宿の喫茶店
206,黒きドレスのアリバイ,原宿
207,黒きドレスのアリバイ,代々木公園のトイレ
208,黒きドレスのアリバイ,ゴスロリショップ
205,危機呼ぶ赤い前兆[オーメン],ケーキ屋
206,危機呼ぶ赤い前兆[オーメン],米花駅
206,黒き13の暗示[サジェスト]／迫る黒の刻限[タイムリミット]／赤く揺れる照準[ターゲット],ジンのポルシェ356
207,黒き13の暗示[サジェスト]／迫る黒の刻限[タイムリミット]／赤く揺れる照準[ターゲット],毛利探偵事務所
208,黒き13の暗示[サジェスト]／迫る黒の刻限[タイムリミット]／赤く揺れる照準[ターゲット],米花百貨店
207,小林先生の恋／白鳥警部の失恋／時を超える桜の恋,警視庁
208,小林先生の恋／白鳥警部の失恋／時を超える桜の恋,帝丹小学校
208,最悪な誕生日[バースデー],毛利探偵事務所
209,最悪な誕生日[バースデー],妃法律事務所
210,最悪な誕生日[バースデー],静岡シーサイドホテル
209,闇に消えた麒麟の角／キッドvs.四神探偵団,帝丹小学校
210,闇に消えた麒麟の角／キッドvs.四神探偵団,鈴木次郎吉邸
211,闇に消えた麒麟の角／キッドvs.四神探偵団,山寺
212,闇に消えた麒麟の角／キッドvs.四神探偵団,毛利探偵事務所
210,猿と熊手のトリ物帖,乱舞璃神社
211,猿と熊手のトリ物帖,毛利探偵事務所
211,沼底からの依頼,群馬県朽橋村
212,湯煙密室のシナリオ,箱根温泉湖望旅館
213,裏切りのホワイトデー,浦井邸
214,裏切りのホワイトデー,毛利探偵事務所
215,裏切りのホワイトデー,杯戸シティホテル
214,日記が奏でる秘密,山奥の別荘
215,コナンキッドの龍馬お宝攻防戦,警視庁
216,コナンキッドの龍馬お宝攻防戦,鈴木大博物館
216,被害者はクドウシンイチ／犬伏城炎の魔犬,毛利探偵事務所
217,被害者はクドウシンイチ／犬伏城炎の魔犬,工藤家
218,被害者はクドウシンイチ／犬伏城炎の魔犬,犬伏家
219,被害者はクドウシンイチ／犬伏城炎の魔犬,崖の上
220,被害者はクドウシンイチ／犬伏城炎の魔犬,古びた小屋
217,千葉刑事の初恋,帝丹小学校
218,ホームズの黙示録,喫茶ポアロイギリス飛行機内ロンドンヒースロー空港シャーロック・ホームズ博物館ウインブルドン・センターコートスコットランド・ヤード大英博物館バッキンガム宮殿ハイド・パークベイカー街シティーホールセント・ブライド教会エレファント&キャッスル駅ビッグベンガーキンウォルトン通り
219,緊急事態２５２,廃ビル
220,絶叫手術室［オペルーム］,米花大学
221,カルタ取り危機一髪,毛利探偵事務所
222,カルタ取り危機一髪,歩美の住むマンション
223,カルタ取り危機一髪,浦船家
222,時の番人の刃,毛利探偵事務所
223,時の番人の刃,保科家
223,死ぬほど美味いラーメン,毛利探偵事務所
224,死ぬほど美味いラーメン,ラーメン小倉
224,幽霊ホテルの推理対決,杯戸ホテル
225,幽霊ホテルの推理対決,帝丹高校
225,探偵事務所籠城事件,帝丹高校
226,探偵事務所籠城事件,毛利探偵事務所
227,探偵事務所籠城事件,阿笠邸
228,探偵事務所籠城事件,降塚屋
226,動画サイト誘拐事件,阿笠邸
227,コナンVS平次東西探偵推理勝負,毛利探偵事務所
228,コナンVS平次東西探偵推理勝負,レストランダニーズ
228,毒と幻のデザイン,毛利探偵事務所
229,毒と幻のデザイン,若松邸
229,小五郎さんはいい人,桐谷貴江の自宅
230,小五郎さんはいい人,ビアガーデン
231,小五郎さんはいい人,桐谷貴江のアパート
230,初恋の共同捜査,米花町の駐車場
231,初恋の共同捜査,デパートの地下駐車場
232,初恋の共同捜査,警視庁
231,ウェディング・イブ,RistoranteSundayrino
232,ウェディング・イブ,喫茶ポアロ
232,探偵たちの夜想曲[ノクターン］[事件／誘拐／推理／バーボン],毛利探偵事務所
233,探偵たちの夜想曲[ノクターン］[事件／誘拐／推理／バーボン],レストランコロンボ
234,探偵たちの夜想曲[ノクターン］[事件／誘拐／推理／バーボン],樫塚圭のマンション
235,探偵たちの夜想曲[ノクターン］[事件／誘拐／推理／バーボン],阿笠博士の家
236,探偵たちの夜想曲[ノクターン］[事件／誘拐／推理／バーボン],豊北倫子のアパート
237,探偵たちの夜想曲[ノクターン］[事件／誘拐／推理／バーボン],振屋栄絵のアパート
238,探偵たちの夜想曲[ノクターン］[事件／誘拐／推理／バーボン],手川隆代のアパート
233,１ミリも許さない,紺野夫婦の家
234,１ミリも許さない,米花総合病院
234,命を賭けた恋愛中継[中継開始／絶体絶命／現場突入],警視庁
235,命を賭けた恋愛中継[中継開始／絶体絶命／現場突入],羽田空港
236,命を賭けた恋愛中継[中継開始／絶体絶命／現場突入],笛本隆策のマンション
237,命を賭けた恋愛中継[中継開始／絶体絶命／現場突入],北海道
238,命を賭けた恋愛中継[中継開始／絶体絶命／現場突入],狛前町
235,泡と湯気と煙,毛利探偵事務所
236,泡と湯気と煙,高層マンション
237,泡と湯気と煙,スキー場
238,泡と湯気と煙,警視庁
236,工藤優作の未解決事件[コールド・ケース],公園
237,工藤優作の未解決事件[コールド・ケース],帝丹小学校
238,工藤優作の未解決事件[コールド・ケース],工藤新一の家
239,工藤優作の未解決事件[コールド・ケース],警視庁
237,灰原の秘密に迫る影,群馬のキャンプ場
238,灰原の秘密に迫る影,喫茶アポロ
239,灰原の秘密に迫る影,山小屋
240,灰原の秘密に迫る影,毛利探偵事務所
241,灰原の秘密に迫る影,工藤新一の家
238,漆黒の特急[ミステリートレイン][発車／隧道／交差／終点],東京駅
239,漆黒の特急[ミステリートレイン][発車／隧道／交差／終点],ベルツリー急行列車
240,漆黒の特急[ミステリートレイン][発車／隧道／交差／終点],名古屋駅
239,密室にいるコナン／謎解きするバーボン,阿笠博士の自宅
240,密室にいるコナン／謎解きするバーボン,伊豆高原の鈴木財閥の別荘
241,密室にいるコナン／謎解きするバーボン,桃園琴音の別荘
240,コナンvs．キッド赤面の人魚[ブラッシュマーメイド],警視庁
241,コナンvs．キッド赤面の人魚[ブラッシュマーメイド],鈴木財閥博物館
241,みんなが見ていた,毛利探偵事務所
242,みんなが見ていた,杯戸町のマンション
242,服部平次と吸血鬼館,寅倉家の洋館
243,服部平次と吸血鬼館,群馬県警
243,甘く冷たい宅配便,公園
244,甘く冷たい宅配便,空港
245,甘く冷たい宅配便,阿笠博士の家
246,甘く冷たい宅配便,喫茶店ポアロ
247,甘く冷たい宅配便,米花町
248,甘く冷たい宅配便,工藤邸
244,果実が詰まった宝箱,毛利探偵事務所
245,果実が詰まった宝箱,日売テレビ
246,果実が詰まった宝箱,春日邸
245,現場の隣人は元カレ,シャトー米花マンション
246,ジョディの追憶とお花見の罠,神社
247,小五郎はＢＡＲにいる,ブルーパロット
248,蘭も倒れたバスルーム,阿笠博士の家
249,蘭も倒れたバスルーム,橋谷和香のマンション
249,容疑者か京極真,サンデーボウル
250,容疑者か京極真,サンデーボウルの駐車場
250,怪盗キッドＶＳ京極真,鈴木園子の家
251,怪盗キッドＶＳ京極真,鈴木次郎吉邸
252,怪盗キッドＶＳ京極真,鈴木大博物館
253,怪盗キッドＶＳ京極真,羽田空港
254,怪盗キッドＶＳ京極真,毛利探偵事務所
251,招き三毛猫の事件,喫茶ポアロ
252,招き三毛猫の事件,毛利探偵事務所
253,招き三毛猫の事件,阿笠博士の家
254,招き三毛猫の事件,益子貞司のマンション
252,本庁の刑事恋物語[告白／真相],警視庁
253,本庁の刑事恋物語[告白／真相],サンデーマート
254,本庁の刑事恋物語[告白／真相],志賀敏成のアパート
253,赤女の悲劇,貸し別荘
254,赤女の悲劇,パチンコSUNDAY
254,意外な結果の恋愛小説,世良が滞在するホテル
255,コナンと平次恋の暗号,恵比寿橋
256,コナンと平次恋の暗号,戎橋
256,工藤新一水族館事件,米花水族館
257,堤無津川凧揚げ事件,阿笠博士の家
258,堤無津川凧揚げ事件,堤無津川
259,堤無津川凧揚げ事件,毛利探偵事務所
258,ギスギスしたお茶会,毛利探偵事務所
259,ギスギスしたお茶会,杯戸中央病院
259,緋色シリーズ［序章／追求］,杯戸小学校
260,緋色シリーズ［序章／追求］,杯戸公園
261,緋色シリーズ［序章／追求］,杯戸中央病院
260,緋色シリーズ［交錯／帰還／真相］,杯戸中央病院
261,緋色シリーズ［交錯／帰還／真相］,来葉峠
262,緋色シリーズ［交錯／帰還／真相］,毛利探偵事務所
263,緋色シリーズ［交錯／帰還／真相］,工藤邸
264,緋色シリーズ［交錯／帰還／真相］,喫茶ポアロ
261,太閤恋する名人戦,時和ホテル
262,太閤恋する名人戦,ホテル杯戸プライド
263,太閤恋する名人戦,明治神宮
264,太閤恋する名人戦,警視庁
265,太閤恋する名人戦,幽霊坂
262,真夏のプールに沈む謎,ホテル杯戸プライド
263,真夏のプールに沈む謎,ホテル杯戸プライドのプール
263,三人の第一発見者,駒井保江のアパート
264,かまいたちの宿,毛利探偵事務所
265,かまいたちの宿,立居旅館
265,県警の黒い闇,長野県妻女山
266,県警の黒い闇,川中島古戦場跡
267,県警の黒い闇,千曲川
268,県警の黒い闇,長野県警本部
269,県警の黒い闇,鹿野晶次の家
270,県警の黒い闇,妻女山の山小屋
271,県警の黒い闇,北陸新幹線
266,ブログ女優の密室事件,ホテル
267,サクラ組の思い出（蘭GIRL／新一BOY）,毛利家
268,サクラ組の思い出（蘭GIRL／新一BOY）,工藤優作のサイン会会場
269,サクラ組の思い出（蘭GIRL／新一BOY）,工藤邸
270,サクラ組の思い出（蘭GIRL／新一BOY）,米花保育園
271,サクラ組の思い出（蘭GIRL／新一BOY）,米花児童遊園
268,容疑者は熱愛カップル,毛利探偵事務所
269,容疑者は熱愛カップル,ItalianAska
269,死ぬほど美味いラーメン２,ラーメン小倉
270,死ぬほど美味いラーメン２,頓田温子の自宅前
271,死ぬほど美味いラーメン２,羽田秀吉の自宅
270,ゾンビが囲む別荘,毛利探偵事務所
271,ゾンビが囲む別荘,ホラー映画の貸し別荘
271,仲の悪いガールズバンド,喫茶ポアロ
272,仲の悪いガールズバンド,SOUNDSTUDIOHAKOBUNE
272,探偵団はヤブの中,米花デパート
273,千葉のUFO難事件,警視庁
274,千葉のUFO難事件,千葉刑事の自宅
275,千葉のUFO難事件,毛利探偵事務所
276,千葉のUFO難事件,杯戸公園
277,千葉のUFO難事件,杯戸高校
278,千葉のUFO難事件,朽木雄輔の自宅
279,千葉のUFO難事件,帝丹高校
274,婚姻届のパスワード,宮本由美のマンション
275,婚姻届のパスワード,仁屋旅館
275,17年前と同じ現場,阿笠博士の家
276,17年前と同じ現場,樋山邦寿の家
276,霊魂探偵殺害事件,毛利探偵事務所
277,霊魂探偵殺害事件,堀田凱人の宿泊するホテル
277,裏切りのステージ,工藤新一の家
278,裏切りのステージ,東都ホール
279,裏切りのステージ,ビルの屋上
278,コナンと平次の鵺伝説,喫茶ポアロ
279,コナンと平次の鵺伝説,毛利探偵事務所
280,コナンと平次の鵺伝説,宿里村
279,怪盗キッドの絡繰箱,友寄公華の家
280,怪盗キッドの絡繰箱,阿笠博士の家
281,怪盗キッドの絡繰箱,鈴木大図書館
280,新任教師の骸骨事件,帝丹小学校
281,試着室の死角,デパート
282,さざ波の魔法使い,熱浜海水浴場
283,となりの江戸前推理ショー,毛利探偵事務所
284,となりの江戸前推理ショー,米花いろは寿司
285,となりの江戸前推理ショー,米花町五丁目交番
284,白い手の女,帝丹小学校
285,白い手の女,若狭留美のマンション
286,白い手の女,警視庁
287,白い手の女,米花いろは寿司
285,謎解きは喫茶ポアロで,毛利探偵事務所
286,謎解きは喫茶ポアロで,喫茶ポアロ
287,謎解きは喫茶ポアロで,錦座４丁目
286,妃弁護士ＳＯＳ,毛利探偵事務所
287,妃弁護士ＳＯＳ,妃法律事務所
288,妃弁護士ＳＯＳ,廃ビル
289,妃弁護士ＳＯＳ,僧上寺
290,妃弁護士ＳＯＳ,映画館
287,燃えるテントの怪,警視庁
288,燃えるテントの怪,キャンプ場
288,恋と推理の剣道大会,東都体育館
289,ＪＫトリオ秘密のカフェ,毛利探偵事務所
290,ＪＫトリオ秘密のカフェ,米花書店
291,ＪＫトリオ秘密のカフェ,CafeRICEFLOWER
290,心のこもったストラップ,阿笠博士の家
291,心のこもったストラップ,電車
292,心のこもったストラップ,ダニーズ
293,心のこもったストラップ,千槍駅
294,心のこもったストラップ,千槍海水浴場
291,紅の修学旅行,清水寺
292,紅の修学旅行,養源院
293,紅の修学旅行,HOTELGION
294,紅の修学旅行,先斗町急山
295,紅の修学旅行,ロサンゼルス
296,紅の修学旅行,メアリーのホテル
297,紅の修学旅行,米花いろは寿司
292,マリアちゃんをさがせ！,毛利探偵事務所
293,マリアちゃんをさがせ！,阿笠博士の家
294,マリアちゃんをさがせ！,工藤新一の家
295,マリアちゃんをさがせ！,帝丹小学校
296,マリアちゃんをさがせ！,東尾マリアの家
297,マリアちゃんをさがせ！,東尾マリアの向かいの家
298,マリアちゃんをさがせ！,私立改方学園
299,マリアちゃんをさがせ！,帝丹高校
300,マリアちゃんをさがせ！,羽田空港
301,マリアちゃんをさがせ！,喫茶ポアロ
293,迷宮カクテル,毛利探偵事務所
294,迷宮カクテル,黒ウサギ亭
295,迷宮カクテル,宮野医院
296,迷宮カクテル,工藤新一の家
294,標的（ターゲット）は警視庁交通部,三池苗子の家
295,標的（ターゲット）は警視庁交通部,警視庁
296,標的（ターゲット）は警視庁交通部,カラオケ米花
297,標的（ターゲット）は警視庁交通部,米花東公園
298,標的（ターゲット）は警視庁交通部,八木が殺されたマンション
299,標的（ターゲット）は警視庁交通部,喫茶ポアロ
300,標的（ターゲット）は警視庁交通部,将棋会館
301,標的（ターゲット）は警視庁交通部,改装中のプラネタリウム
302,標的（ターゲット）は警視庁交通部,米花大学病院
295,キッドＶＳ高明狙われた唇,新幹線の車中
296,キッドＶＳ高明狙われた唇,毛利探偵事務所
297,キッドＶＳ高明狙われた唇,警視庁
298,キッドＶＳ高明狙われた唇,鈴木大博物館
299,キッドＶＳ高明狙われた唇,長野県警本部
300,キッドＶＳ高明狙われた唇,教会
296,代役・京極真,映画館
297,代役・京極真,廃校舎
298,代役・京極真,阿笠博士の家
297,36マスの完全犯罪(パーフェクトゲーム),電車
298,36マスの完全犯罪(パーフェクトゲーム),毛利探偵事務所
299,36マスの完全犯罪(パーフェクトゲーム),長野県の廃教会
300,36マスの完全犯罪(パーフェクトゲーム),長野県警本部
301,36マスの完全犯罪(パーフェクトゲーム),カフェ
298,山菜狩りとクローバー,群馬県水乃上駅
299,山菜狩りとクローバー,群馬県の山奥
300,山菜狩りとクローバー,吹越桐司の別荘
299,骨董盆は隠せない,阿笠博士の家
300,骨董盆は隠せない,西津法玄の家
301,骨董盆は隠せない,飛行機の機内
302,骨董盆は隠せない,HOTELBOND-SEVEN
300,大岡紅葉の挑戦状,毛利探偵事務所
301,大岡紅葉の挑戦状,阿笠博士の家
302,大岡紅葉の挑戦状,杯戸中央ビル
303,大岡紅葉の挑戦状,私立改方学園
304,大岡紅葉の挑戦状,杯戸港
301,太閤名人の将棋盤［初手編／妙手編／王手編］,星ドーナツ
302,太閤名人の将棋盤［初手編／妙手編／王手編］,将棋の勉強会のマンション
303,太閤名人の将棋盤［初手編／妙手編／王手編］,岸本雄平の家
304,太閤名人の将棋盤［初手編／妙手編／王手編］,工藤邸
305,太閤名人の将棋盤［初手編／妙手編／王手編］,菱沼浩輔の家
302,天罰くだる誕生パーティー,山井書店
303,天罰くだる誕生パーティー,CafeZoo-Too
304,天罰くだる誕生パーティー,メアリーと世良が滞在するホテル
305,天罰くだる誕生パーティー,ヴォクスホールブリッジ
306,天罰くだる誕生パーティー,メアリーと世良のロンドンの部屋
307,天罰くだる誕生パーティー,ウインブルドン
303,牧場に墜ちた火種,喫茶ポアロ
304,牧場に墜ちた火種,バス
305,牧場に墜ちた火種,鳩山牧場
304,沖野ヨーコと屋根裏の密室,毛利探偵事務所
305,沖野ヨーコと屋根裏の密室,軽井沢の別荘
306,沖野ヨーコと屋根裏の密室,喫茶ポアロ
305,工藤優作の推理ショー,警視庁
306,工藤優作の推理ショー,べいか薬局
307,工藤優作の推理ショー,工藤邸
308,工藤優作の推理ショー,盛田敦美のマンション
309,工藤優作の推理ショー,桐生泰二のアパート
310,工藤優作の推理ショー,菅沢惟次の一軒家
311,工藤優作の推理ショー,毛利探偵事務所
306,黒ずくめの謀略［狩り／上陸／正体］,米花町のビル工藤邸駐車場海ボタル海猿島なみかぜ公園
307,不吉な縁結び,毛利探偵事務所杯戸神社
308,13年前の声を探せ,帝丹小学校いろは寿司
309,風の女神との出会い,デェース・デュヴォンレストラン地下駐車場高速道路萩原姉弟の家ライブ会場
310,怪盗キッドVS安室透,鈴木大博物館アイドルフェス会場風見裕也の家
311,伊達が遺した事件メモ,喫茶ポアロ白美濃マンション
312,秘密基地のメッセージ,高崎駅冬名峠ホテル月島一貴のマンション秘密基地
313,婚活パーティー殺人事件,レストランBalMasqué大江忍の家のキッチン
314,京都スイーツと毒薬,京都徳大屋XX.cafe嵐山本店祇園ななこ蜂屋株本恭助の家大多福屋フルーツサンドアオイソ
315,めんどうくさいトリプルコラボ,レストランDanny's東都ドーム
316,ホテル連続爆破事件,杯戸町の本屋杯戸ホテル
317,二人の引率者,帝丹小学校海の家
318,怪盗キッドの王冠マジック,銀座・鈴木ビル喫茶ポアロ謎の老人の部屋
