number,title,gchara
1,ジェットコースター殺人事件,被害者
2,ジェットコースター殺人事件,被害者の友人A
3,ジェットコースター殺人事件,被害者の友人B
4,ジェットコースター殺人事件,被害者の友人C
5,社長令嬢誘拐事件,谷
6,社長令嬢誘拐事件,谷晶子
7,社長令嬢誘拐事件,麻生
8,社長令嬢誘拐事件,誘拐犯
9,アイドル密室殺人事件,山岸栄一
10,アイドル密室殺人事件,池沢ゆう子
11,アイドル密室殺人事件,藤江明義
12,赤鬼村火祭殺人事件,根岸正樹
13,赤鬼村火祭殺人事件,阿部豊
14,奇妙な人捜し殺人事件,広田健三
15,奇妙な人捜し殺人事件,広田雅美
16,奇妙な人捜し殺人事件,広田明
17,奇妙な人捜し殺人事件,大柄で小心者の探偵
18,奇妙な人捜し殺人事件,宮野明美
19,幽霊屋敷殺人事件,昭夫
20,幽霊屋敷殺人事件,昭夫の母
21,幽霊屋敷殺人事件,昭夫の父
22,豪華客船連続殺人事件,本豪蔵
23,豪華客船連続殺人事件,本夏江
24,豪華客船連続殺人事件,本武
25,豪華客船連続殺人事件,本秋江
26,豪華客船連続殺人事件,本竜男
27,豪華客船連続殺人事件,本麻理子
28,豪華客船連続殺人事件,本北郎
29,豪華客船連続殺人事件,本一郎
30,豪華客船連続殺人事件,本祥二
31,豪華客船連続殺人事件,鈴木賢治
32,月いちプレゼント脅迫事件,小川雅行
33,月いちプレゼント脅迫事件,小川勇太
34,月いちプレゼント脅迫事件,荻野智也の父
35,美術館オーナー殺人事件,落合館長
36,美術館オーナー殺人事件,窪田
37,美術館オーナー殺人事件,飯島
38,美術館オーナー殺人事件,真中オーナー
39,新幹線大爆破事件,サラリーマン風の男
40,新幹線大爆破事件,キャリアウーマン風の女
41,新幹線大爆破事件,恰幅のいいおじいさん
42,新幹線大爆破事件,ヤクザ風の男
43,大都会暗号マップ事件,ディノ・カパネ
44,大都会暗号マップ事件,イタリアの強盗団A
45,大都会暗号マップ事件,イタリアの強盗団B
46,大都会暗号マップ事件,イタリアの強盗団C
47,山荘包帯男殺人事件,池田知佳子
48,山荘包帯男殺人事件,鈴木綾子
49,山荘包帯男殺人事件,太田勝
50,山荘包帯男殺人事件,角谷弘樹
51,山荘包帯男殺人事件,高橋良一
52,山荘包帯男殺人事件,包帯男
53,カラオケボックス殺人事件,木村達也
54,カラオケボックス殺人事件,芝崎美江子
55,カラオケボックス殺人事件,山田克己
56,カラオケボックス殺人事件,寺原麻理
57,カラオケボックス殺人事件,隅井豪
58,江戸川コナン誘拐事件,江戸川文代
59,江戸川コナン誘拐事件,仮面の男
60,江戸川コナン誘拐事件,大柄な男
61,骨董品コレクター殺人事件,丸伝次郎
62,骨董品コレクター殺人事件,丸稲子
63,骨董品コレクター殺人事件,波多野幾也
64,骨董品コレクター殺人事件,阿久津誠
65,骨董品コレクター殺人事件,諏訪雄二
66,消えた死体殺人事件,少年
67,消えた死体殺人事件,田中知史
68,消えた死体殺人事件,田中和由
69,天下一夜祭殺人事件,笹井宣一
70,天下一夜祭殺人事件,今竹智
71,天下一夜祭殺人事件,山田
72,ピアノソナタ「月光」殺人事件,浅井成実
73,ピアノソナタ「月光」殺人事件,清水正人
74,ピアノソナタ「月光」殺人事件,川島英夫
75,ピアノソナタ「月光」殺人事件,黒岩辰次
76,ピアノソナタ「月光」殺人事件,黒岩令子
77,ピアノソナタ「月光」殺人事件,村沢周一
78,ピアノソナタ「月光」殺人事件,平田和明
79,ピアノソナタ「月光」殺人事件,西本健
80,ピアノソナタ「月光」殺人事件,麻生圭二
81,プロサッカー選手脅迫事件,赤木英雄
82,プロサッカー選手脅迫事件,赤木守
83,プロサッカー選手脅迫事件,上村直樹
84,プロサッカー選手脅迫事件,赤木量子
85,闇の男爵[ナイトバロン]殺人事件,今野史郎
86,闇の男爵[ナイトバロン]殺人事件,江原時男
87,闇の男爵[ナイトバロン]殺人事件,金城玄一郎
88,闇の男爵[ナイトバロン]殺人事件,林静江
89,闇の男爵[ナイトバロン]殺人事件,上条秀子
90,闇の男爵[ナイトバロン]殺人事件,前田聡
91,闇の男爵[ナイトバロン]殺人事件,佐山明子
92,6月の花嫁殺人事件,松本小百合
93,6月の花嫁殺人事件,竹中一美
94,6月の花嫁殺人事件,松本清長
95,6月の花嫁殺人事件,梅宮淳司
96,6月の花嫁殺人事件,高杉俊彦
97,歩美ちゃん誘拐事件,誘拐犯A
98,歩美ちゃん誘拐事件,誘拐犯B
99,小五郎の同窓会殺人事件,堀越由美
100,小五郎の同窓会殺人事件,大村淳
101,小五郎の同窓会殺人事件,中道和志
102,小五郎の同窓会殺人事件,綾城行雄
103,小五郎の同窓会殺人事件,綾城紀子
104,資産家令嬢殺人事件,四井麗花
105,資産家令嬢殺人事件,一枝隆
106,資産家令嬢殺人事件,二階堂優次
107,資産家令嬢殺人事件,三船拓也
108,資産家令嬢殺人事件,五条修
109,資産家令嬢殺人事件,六田将司
110,資産家令嬢殺人事件,七尾米
111,外交官殺人事件,辻村公江
112,外交官殺人事件,辻村勲
113,外交官殺人事件,桂木幸子
114,外交官殺人事件,辻村貴善
115,外交官殺人事件,小池文雄
116,外交官殺人事件,辻村利光
117,図書館殺人事件,津川秀治
118,図書館殺人事件,玉田和男
119,雪山山荘殺人事件,大山将
120,雪山山荘殺人事件,中原香織
121,雪山山荘殺人事件,金澤智康
122,雪山山荘殺人事件,飛田銀二
123,雪山山荘殺人事件,江角果歩
124,テレビ局殺人事件,諏訪道彦
125,テレビ局殺人事件,松尾貴史
126,テレビ局殺人事件,永井亜矢子
127,コーヒーショップ殺人事件,姫野弥生
128,コーヒーショップ殺人事件,皇裕一
129,コーヒーショップ殺人事件,殿山十三
130,コーヒーショップ殺人事件,若王子士郎
131,霧天狗伝説殺人事件,天永和尚
132,霧天狗伝説殺人事件,寛念
133,霧天狗伝説殺人事件,屯念
134,霧天狗伝説殺人事件,木念
135,霧天狗伝説殺人事件,秀念
136,霧天狗伝説殺人事件,菊乃
137,月と星と太陽の秘密,奥田倫明
138,ゲーム会社殺人事件,中島秀明
139,ゲーム会社殺人事件,上田光司
140,ゲーム会社殺人事件,竹下裕信
141,ゲーム会社殺人事件,石川
142,ゲーム会社殺人事件,テキーラ
143,ホームズ・フリーク殺人事件,川津郁夫
144,ホームズ・フリーク殺人事件,藤沢俊明
145,ホームズ・フリーク殺人事件,清水奈々子
146,ホームズ・フリーク殺人事件,戸田マリア
147,ホームズ・フリーク殺人事件,戸叶研人
148,ホームズ・フリーク殺人事件,大木綾子
149,ホームズ・フリーク殺人事件,金谷裕之
150,ホームズ・フリーク殺人事件,岩井仁美
151,三つ子別荘殺人事件,鈴木綾子
152,三つ子別荘殺人事件,富沢哲治
153,三つ子別荘殺人事件,富沢太一
154,三つ子別荘殺人事件,富沢達二
155,三つ子別荘殺人事件,富沢雄三
156,イラストレーター殺人事件,花岡兼人
157,イラストレーター殺人事件,蝶野いづみ
158,イラストレーター殺人事件,バイク便の男
159,大怪獣ゴメラ殺人事件,三上大輔
160,大怪獣ゴメラ殺人事件,安達僚太
161,大怪獣ゴメラ殺人事件,松井秀豪
162,大怪獣ゴメラ殺人事件,坂口友美
163,大怪獣ゴメラ殺人事件,亀井修
164,追いつめられた名探偵！連続2大殺人事件[1],九十九元康
165,追いつめられた名探偵！連続2大殺人事件[1],九十九七恵
166,追いつめられた名探偵！連続2大殺人事件[1],真田一三
167,追いつめられた名探偵！連続2大殺人事件[1],三好麻子
168,追いつめられた名探偵！連続2大殺人事件[1],百地裕士
169,追いつめられた名探偵！連続2大殺人事件[1],九十九文乃
170,追いつめられた名探偵！連続2大殺人事件[2],籔内広美
171,追いつめられた名探偵！連続2大殺人事件[2],籔内義房
172,追いつめられた名探偵！連続2大殺人事件[2],カルロス
173,追いつめられた名探偵！連続2大殺人事件[2],籔内秀和
174,追いつめられた名探偵！連続2大殺人事件[2],籔内義行
175,追いつめられた名探偵！連続2大殺人事件[2],籔内敬子
176,追いつめられた名探偵！連続2大殺人事件[2],籔内真知子
177,追いつめられた名探偵！連続2大殺人事件[2],弁護士
178,スキーロッジ殺人事件,米原晃子
179,スキーロッジ殺人事件,下田耕平
180,スキーロッジ殺人事件,坂井隆一
181,スキーロッジ殺人事件,中村実里
182,スキーロッジ殺人事件,杉山
183,スキーロッジ殺人事件,森敦士
184,人気アーティスト誘拐事件,高山みなみ
185,人気アーティスト誘拐事件,永野椎菜
186,人気アーティスト誘拐事件,宮原悟史
187,人気アーティスト誘拐事件,宮原の共犯者
188,金融会社社長殺人事件,肥田満弘
189,金融会社社長殺人事件,南沢尚善
190,金融会社社長殺人事件,藤井孝子
191,金融会社社長殺人事件,飯野宏
192,金融会社社長殺人事件,岡野
193,金融会社社長殺人事件,長谷川
194,金融会社社長殺人事件,小五郎の麻雀仲間
195,名家連続変死事件,長門道三
196,名家連続変死事件,日向幸
197,名家連続変死事件,長門信子
198,名家連続変死事件,長門康江
199,名家連続変死事件,長門秀臣
200,名家連続変死事件,長門光明
201,名家連続変死事件,武蔵之助
202,名家連続変死事件,服部平蔵
203,帝丹小学校七不思議事件,大畑裕之
204,帝丹小学校七不思議事件,植松竜司郎
205,帝丹小学校七不思議事件,教頭先生
206,コナンvs.怪盗キッド,鈴木史郎
207,コナンvs.怪盗キッド,鈴木朋子
208,コナンvs.怪盗キッド,鈴木綾子
209,コナンvs.怪盗キッド,茶木神太郎
210,コナンvs.怪盗キッド,籏本祥二
211,コナンvs.怪盗キッド,三船拓也
212,コナンvs.怪盗キッド,富沢雄三
213,コナンvs.怪盗キッド,真田一三
214,名陶芸家殺人事件,菊右衛門(本名・土屋万吉)
215,名陶芸家殺人事件,土屋益子
216,名陶芸家殺人事件,有田義彦
217,名陶芸家殺人事件,瀬戸隆一
218,名陶芸家殺人事件,大谷薫
219,スキューバダイビング殺人事件,戸田貴和子
220,スキューバダイビング殺人事件,松崎はるみ
221,スキューバダイビング殺人事件,河津邦生
222,スキューバダイビング殺人事件,松崎雅彦
223,スキューバダイビング殺人事件,伊東洋
224,強盗犯人入院事件,関口良夫
225,強盗犯人入院事件,関口弓子
226,強盗犯人入院事件,関口良夫の父
227,強盗犯人入院事件,強盗団1
228,強盗犯人入院事件,強盗団2
229,強盗犯人入院事件,強盗団3
230,強盗犯人入院事件,強盗団4
231,強盗犯人入院事件,強盗団5
232,盗賊団謎の洋館事件,依頼人A
233,盗賊団謎の洋館事件,依頼人B
234,盗賊団謎の洋館事件,中村操
235,時代劇俳優殺人事件,土方幸三郎
236,時代劇俳優殺人事件,永倉(土方)勇美
237,時代劇俳優殺人事件,沖田一
238,初恋の人思い出事件,内田麻美
239,初恋の人思い出事件,沢井学
240,初恋の人思い出事件,早坂智子
241,初恋の人思い出事件,野口茂久
242,初恋の人思い出事件,宮崎千夏
243,初恋の人思い出事件,森本喜宣
244,黒の組織から来た女大学教授殺人事件[1],俊也
245,黒の組織から来た女大学教授殺人事件[1],俊也の兄
246,黒の組織から来た女大学教授殺人事件[1],ニセ札犯A(銀ギツネ)
247,黒の組織から来た女大学教授殺人事件[1],ニセ札犯B
248,黒の組織から来た女大学教授殺人事件[1],ニセ札犯C(犬山)
249,黒の組織から来た女大学教授殺人事件[1],ニセ札犯D
250,黒の組織から来た女大学教授殺人事件[2],広田正巳
251,黒の組織から来た女大学教授殺人事件[2],広田登志子
252,黒の組織から来た女大学教授殺人事件[2],白倉陽
253,黒の組織から来た女大学教授殺人事件[2],盛岡道夫
254,黒の組織から来た女大学教授殺人事件[2],細矢和宏
255,ミステリー作家失踪事件,新名任太朗
256,ミステリー作家失踪事件,新名香保里
257,ミステリー作家失踪事件,任太朗の妻
258,ミステリー作家失踪事件,任太朗の主治医
259,ミステリー作家失踪事件,山田
260,浪花の連続殺人事件,長尾英敏
261,浪花の連続殺人事件,西口多代
262,浪花の連続殺人事件,野安和人
263,浪花の連続殺人事件,岡崎澄江
264,浪花の連続殺人事件,坂田祐介
265,浪花の連続殺人事件,大滝警部
266,浪花の連続殺人事件,沼淵己一郎
267,浪花の連続殺人事件,郷司宗太郎
268,浪花の連続殺人事件,服部平蔵
269,浪花の連続殺人事件,遠山刑事部長
270,競技場無差別脅迫事件,金子ディレクター
271,競技場無差別脅迫事件,蛭田カメラマン
272,競技場無差別脅迫事件,赤木英雄
273,競技場無差別脅迫事件,ラムス
274,競技場無差別脅迫事件,脅迫犯の相棒
275,奇術愛好家殺人事件,田中貴久恵
276,奇術愛好家殺人事件,浜野利也
277,奇術愛好家殺人事件,黒田直子
278,奇術愛好家殺人事件,荒義則
279,奇術愛好家殺人事件,須鎌清日呂
280,奇術愛好家殺人事件,土井塔克樹
281,奇術愛好家殺人事件,西山務
282,奇術愛好家殺人事件,春井風伝
283,バスルーム密室事件,青島美菜
284,バスルーム密室事件,青島全代
285,バスルーム密室事件,賢二
286,青の古城探索事件,田畑勝男
287,青の古城探索事件,間宮満
288,青の古城探索事件,間宮貴人
289,青の古城探索事件,間宮マス代
290,空飛ぶ密室工藤新一最初の事件,鵜飼恒夫
291,空飛ぶ密室工藤新一最初の事件,大鷹和洋
292,空飛ぶ密室工藤新一最初の事件,天野つぐみ
293,空飛ぶ密室工藤新一最初の事件,立川千鶴
294,空飛ぶ密室工藤新一最初の事件,鷺沼昇
295,空飛ぶ密室工藤新一最初の事件,エドワード・クロウ
296,本庁の刑事恋物語,増尾桂造
297,本庁の刑事恋物語,増尾加代
298,本庁の刑事恋物語,松本清長
299,結婚前夜の密室事件,重松明男
300,結婚前夜の密室事件,片桐楓
301,結婚前夜の密室事件,桜庭祐司
302,結婚前夜の密室事件,森園百合江
303,結婚前夜の密室事件,森園幹雄
304,結婚前夜の密室事件,森園菊人
305,上野発北斗星3号,籏本夏江
306,上野発北斗星3号,浅間安治
307,上野発北斗星3号,加越利則
308,上野発北斗星3号,出雲啓太郎
309,上野発北斗星3号,石鎚晃重
310,上野発北斗星3号,青葉徹
311,上野発北斗星3号,明智文代
312,上野発北斗星3号,出雲梓
313,上野発北斗星3号,西村警部
314,園子のアブない夏物語,道脇正彦
315,園子のアブない夏物語,寺林省二
316,最後の上映殺人事件,井出敏行
317,最後の上映殺人事件,友里百合子
318,最後の上映殺人事件,村松昭雄
319,最後の上映殺人事件,張田政次
320,最後の上映殺人事件,古橋稔
321,二十年目の殺意シンフォニー号連続殺人事件,鮫崎島治
322,二十年目の殺意シンフォニー号連続殺人事件,亀田照吉
323,二十年目の殺意シンフォニー号連続殺人事件,蟹江是久
324,二十年目の殺意シンフォニー号連続殺人事件,海老名稔
325,二十年目の殺意シンフォニー号連続殺人事件,鯨井定雄
326,二十年目の殺意シンフォニー号連続殺人事件,磯貝渚
327,本庁の刑事恋物語2,東田
328,本庁の刑事恋物語2,村西真美
329,本庁の刑事恋物語2,居酒屋の女将
330,本庁の刑事恋物語2,北川
331,暗闇の中の死角,新出義輝
332,暗闇の中の死角,新出陽子
333,暗闇の中の死角,保本ひかる
334,暗闇の中の死角,新出ミツ
335,暗闇の中の死角,新出千晶
336,黒の組織との再会,南条実果
337,黒の組織との再会,三瓶康夫
338,黒の組織との再会,樽見直哉
339,黒の組織との再会,俵芳治
340,黒の組織との再会,枡山憲三
341,黒の組織との再会,呑口重彦
342,黒の組織との再会,麦倉直道
343,よみがえる死の伝言[ダイイング・メッセージ],伊丹千尋
344,よみがえる死の伝言[ダイイング・メッセージ],三沢康治
345,よみがえる死の伝言[ダイイング・メッセージ],佐野泉
346,よみがえる死の伝言[ダイイング・メッセージ],小松頼子
347,よみがえる死の伝言[ダイイング・メッセージ],織田國友
348,鳥取クモ屋敷の怪,ロバート・テイラー
349,鳥取クモ屋敷の怪,武田勇三
350,鳥取クモ屋敷の怪,武田陽子
351,鳥取クモ屋敷の怪,武田龍二
352,鳥取クモ屋敷の怪,武田信一
353,鳥取クモ屋敷の怪,武田紗栄
354,鳥取クモ屋敷の怪,武田絵未
355,鳥取クモ屋敷の怪,武田智恵
356,鳥取クモ屋敷の怪,塩谷深雪
357,命がけの復活[洞窟の探偵団／負傷した名探偵],銀行強盗A
358,命がけの復活[洞窟の探偵団／負傷した名探偵],銀行強盗B
359,命がけの復活[洞窟の探偵団／負傷した名探偵],銀行強盗C
360,命がけの復活[第3の選択／黒衣の騎士],三谷陽太
361,命がけの復活[第3の選択／黒衣の騎士],鴻上舞衣
362,命がけの復活[第3の選択／黒衣の騎士],野田夢美
363,命がけの復活[第3の選択／黒衣の騎士],蒲田耕平
364,命がけの復活[第3の選択／黒衣の騎士],蜷川彩子
365,命がけの復活[帰ってきた新一…&約束の場所],辰巳泰治
366,命がけの復活[帰ってきた新一…&約束の場所],大場悟
367,命がけの復活[帰ってきた新一…&約束の場所],辰巳桜子
368,意味深なオルゴール,裕木春菜
369,意味深なオルゴール,緒方和子
370,意味深なオルゴール,緒方志郎
371,意味深なオルゴール,緒方常雄
372,意味深なオルゴール,緒方稔
373,容疑者・毛利小五郎,碓氷律子
374,容疑者・毛利小五郎,佐久法史
375,容疑者・毛利小五郎,塩沢憲造
376,容疑者・毛利小五郎,三笠裕司
377,本庁の刑事恋物語3,猿渡秀朗
378,本庁の刑事恋物語3,鹿野修二
379,本庁の刑事恋物語3,猪俣満雄
380,本庁の刑事恋物語3,神鳥蝶子
381,本庁の刑事恋物語3,居酒屋「七曲」の店主
382,本庁の刑事恋物語3,放火犯
383,本庁の刑事恋物語3,空き巣犯
384,バトルゲームの罠,尾藤賢吾
385,バトルゲームの罠,出島均
386,バトルゲームの罠,江守敏嗣
387,バトルゲームの罠,志水高保
388,きのこと熊と探偵団,被害者
389,きのこと熊と探偵団,八坂清
390,きのこと熊と探偵団,雑賀又三郎
391,きのこと熊と探偵団,根来友也
392,偽りだらけの依頼人,池波静華
393,偽りだらけの依頼人,吉川竹造
394,偽りだらけの依頼人,柴田恭子
395,そして人魚はいなくなった,黒江奈緒子
396,そして人魚はいなくなった,島袋君恵
397,そして人魚はいなくなった,海老原寿美
398,そして人魚はいなくなった,福山禄郎
399,そして人魚はいなくなった,島袋弥琴
400,そして人魚はいなくなった,門脇沙織
401,そして人魚はいなくなった,門脇弁蔵
402,封印された目暮の秘密,白川紀之
403,封印された目暮の秘密,紺野由理
404,封印された目暮の秘密,定金芳男
405,封印された目暮の秘密,白川春義
406,封印された目暮の秘密,松本清長
407,封印された目暮の秘密,目暮みどり
408,謎めいた乗客,町田安彦
409,謎めいた乗客,富野美晴
410,謎めいた乗客,新出智明
411,謎めいた乗客,バスジャック犯1
412,謎めいた乗客,バスジャック犯2
413,謎めいた乗客,矢島邦男
414,消えなかった証拠,加納照也
415,消えなかった証拠,綱島吉雄
416,消えなかった証拠,土佐林アキ
417,消えなかった証拠,蓮木志乃
418,大阪“3つのK”事件,倉木麻衣
419,大阪“3つのK”事件,小松未歩
420,大阪“3つのK”事件,高山みなみ
421,大阪“3つのK”事件,永野椎菜
422,大阪“3つのK”事件,リカルド・バレイラ
423,大阪“3つのK”事件,マイク・ノーウッド
424,大阪“3つのK”事件,レイ・カーティス
425,大阪“3つのK”事件,エド・マッケイ
426,大阪“3つのK”事件,大滝警部
427,新幹線護送事件,小倉千造
428,新幹線護送事件,岩国辰郎
429,新幹線護送事件,徳山法男
430,新幹線護送事件,明石彰
431,集められた名探偵！工藤新一vs.怪盗キッド,千間降代
432,集められた名探偵！工藤新一vs.怪盗キッド,茂木遥史
433,集められた名探偵！工藤新一vs.怪盗キッド,大上祝善
434,集められた名探偵！工藤新一vs.怪盗キッド,石原亜紀
435,集められた名探偵！工藤新一vs.怪盗キッド,槍田郁美
436,集められた名探偵！工藤新一vs.怪盗キッド,白馬探
437,集められた名探偵！工藤新一vs.怪盗キッド,烏丸蓮耶
438,元太少年の災難,染田
439,元太少年の災難,理髪店の店員
440,殺意の陶芸教室,美濃宗之
441,殺意の陶芸教室,笠間菊代
442,殺意の陶芸教室,美濃素夫
443,毛利小五郎のニセ者,森達夫
444,毛利小五郎のニセ者,長髪の男
445,毛利小五郎のニセ者,浦川詠次
446,毛利小五郎のニセ者,遠田芳郎
447,毛利小五郎のニセ者,神保雅夫
448,網にかかった謎,吉澤勇太
449,網にかかった謎,下条登
450,網にかかった謎,荒巻義市
451,網にかかった謎,根津信次
452,大阪ダブルミステリー浪花剣士と太閤の城[1],沖田
453,大阪ダブルミステリー浪花剣士と太閤の城[1],垂見篤史
454,大阪ダブルミステリー浪花剣士と太閤の城[1],面谷峰男
455,大阪ダブルミステリー浪花剣士と太閤の城[1],胴口規之
456,大阪ダブルミステリー浪花剣士と太閤の城[1],小手川峻
457,大阪ダブルミステリー浪花剣士と太閤の城[1],袴田正通
458,大阪ダブルミステリー浪花剣士と太閤の城[1],服部静華
459,大阪ダブルミステリー浪花剣士と太閤の城[1],大滝警部
460,大阪ダブルミステリー浪花剣士と太閤の城[2],片桐真帆
461,大阪ダブルミステリー浪花剣士と太閤の城[2],加藤祐司
462,大阪ダブルミステリー浪花剣士と太閤の城[2],糟谷有弘
463,大阪ダブルミステリー浪花剣士と太閤の城[2],福島俊彰
464,大阪ダブルミステリー浪花剣士と太閤の城[2],脇坂重彦
465,大阪ダブルミステリー浪花剣士と太閤の城[2],服部平蔵
466,大阪ダブルミステリー浪花剣士と太閤の城[2],遠山刑事部長
467,大阪ダブルミステリー浪花剣士と太閤の城[2],大滝警部
468,大阪ダブルミステリー浪花剣士と太閤の城[2],服部静華
469,アイドル達の秘密,剣崎修
470,アイドル達の秘密,草野薫
471,アイドル達の秘密,岳野ユキ
472,アイドル達の秘密,星野輝美
473,アイドル達の秘密,間熊篤
474,シカゴから来た男,誘拐犯A
475,シカゴから来た男,誘拐犯B
476,シカゴから来た男,誘拐犯C
477,本庁の刑事恋物語4,佐藤美和子の母
478,本庁の刑事恋物語4,鴨居五十吉
479,本庁の刑事恋物語4,座間弘
480,本庁の刑事恋物語4,越水映子
481,本庁の刑事恋物語4,紙枝保男
482,バレンタインの真実,湯浅千代子
483,バレンタインの真実,二垣佳貴
484,バレンタインの真実,粉川実果
485,バレンタインの真実,甘利亜子
486,バレンタインの真実,酒見佑三
487,バレンタインの真実,板倉創
488,犯罪の忘れ形見,護田秀男
489,犯罪の忘れ形見,出月映子
490,隠して急いで省略,来生範久
491,隠して急いで省略,中条勝則
492,隠して急いで省略,国吉文太
493,西の名探偵vs.英語教師,下田千加
494,西の名探偵vs.英語教師,仲町通也
495,西の名探偵vs.英語教師,川上昇
496,西の名探偵vs.英語教師,高井
497,西の名探偵vs.英語教師,平屋純代
498,迷宮のフーリガン,赤野角武
499,迷宮のフーリガン,吉良蓮絵
500,迷宮のフーリガン,船戸三昭
501,迷宮のフーリガン,大葉悦敏
502,迷宮のフーリガン,大葉悦敏の弟
503,迷宮のフーリガン,赤木英雄
504,迷宮のフーリガン,上村直樹
505,迷宮のフーリガン,比護隆佑
506,中華街雨のデジャビュ,磯上海蔵
507,中華街雨のデジャビュ,伊東基伝
508,中華街雨のデジャビュ,北浦京吾
509,中華街雨のデジャビュ,川端四朗
510,中華街雨のデジャビュ,利華
511,工藤新一NY[ニューヨーク]の事件,ラディッシュ・レッドウッド
512,工藤新一NY[ニューヨーク]の事件,リラ・サンチェス
513,工藤新一NY[ニューヨーク]の事件,アカネ・ニールセン
514,工藤新一NY[ニューヨーク]の事件,ローズ・ヒューイット
515,工藤新一NY[ニューヨーク]の事件,イベリス・ハミルトン
516,工藤新一NY[ニューヨーク]の事件,ヒース・フロックハート
517,工藤新一NY[ニューヨーク]の事件,銀髪の男
518,幽霊屋敷の真実,音無芳一
519,幽霊屋敷の真実,番町菊次
520,幽霊屋敷の真実,四谷岩尚
521,幽霊屋敷の真実,牡丹露彦
522,幽霊屋敷の真実,4年前の殺人犯
523,迷いの森の光彦,円谷朝美
524,迷いの森の光彦,三年生の女の子
525,迷いの森の光彦,沼淵己一郎
526,迷いの森の光彦,山村刑事の先輩
527,孤島の姫と竜宮城,竹富雅男
528,孤島の姫と竜宮城,久米好継
529,孤島の姫と竜宮城,池間伸朗
530,孤島の姫と竜宮城,平良伊江
531,孤島の姫と竜宮城,大東幹彦
532,孤島の姫と竜宮城,下地崇
533,孤島の姫と竜宮城,金城兵吾
534,悪意と聖者の行進,赤木英雄
535,悪意と聖者の行進,上村直樹
536,悪意と聖者の行進,郵便局強盗犯
537,揺れる警視庁1200万人の人質,松本清長
538,揺れる警視庁1200万人の人質,爆弾犯A
539,揺れる警視庁1200万人の人質,爆弾犯B
540,見えない容疑者,風見良輝
541,見えない容疑者,波原霞
542,見えない容疑者,南雲暁
543,見えない容疑者,南雲伸晴
544,見えない容疑者,雨城瑠璃
545,残された声なき証言,須貝克路
546,残された声なき証言,内藤定平
547,残された声なき証言,相馬竜介
548,残された声なき証言,板倉卓
549,黒の組織との接触[交渉編／追跡編／決死編],強盗犯の男
550,黒の組織との接触[交渉編／追跡編／決死編],強盗犯の女
551,夕陽に染まった雛人形,観野節子
552,夕陽に染まった雛人形,観野弥生
553,夕陽に染まった雛人形,津曲水貴
554,夕陽に染まった雛人形,三重芳春
555,夕陽に染まった雛人形,百瀬刑事
556,汚れた覆面ヒーロー,大神敬晴
557,汚れた覆面ヒーロー,永瀬豹太
558,汚れた覆面ヒーロー,牛込巌
559,汚れた覆面ヒーロー,佐熊浩之
560,汚れた覆面ヒーロー,木場
561,汚れた覆面ヒーロー,レオナルド・ロッシ
562,服部平次絶体絶命！,楠川
563,服部平次絶体絶命！,伊藤美沙里
564,服部平次絶体絶命！,犯人A
565,服部平次絶体絶命！,犯人B
566,炎の中に赤い馬,玄田隆徳
567,炎の中に赤い馬,諸角亮子
568,炎の中に赤い馬,曽我操夫
569,炎の中に赤い馬,権藤系子
570,炎の中に赤い馬,諸角明
571,炎の中に赤い馬,弓長警部
572,お金で買えない友情,福浦玲治
573,お金で買えない友情,白藤泰美
574,お金で買えない友情,天堂晴華
575,お金で買えない友情,飯合拓人
576,小さな依頼者,絹川和輝
577,小さな依頼者,草野美津
578,小さな依頼者,別所登志子
579,小さな依頼者,三枝朝香
580,小さな依頼者,鴨下保比呂
581,本庁の刑事恋物語5,高城登
582,本庁の刑事恋物語5,前田和彦
583,本庁の刑事恋物語5,中嶋啓太
584,本庁の刑事恋物語5,後藤陽介
585,本庁の刑事恋物語5,麻薬の運び屋
586,本庁の刑事恋物語5,矢倉麻吉
587,疑惑の辛口カレー,明石寛人
588,疑惑の辛口カレー,明石巌夫
589,イチョウ色の初恋,野井
590,イチョウ色の初恋,蝶野晴男
591,イチョウ色の初恋,フサエ・キャンベル・木之下
592,イチョウ色の初恋,ビリー
593,似た者プリンセス,植木草八
594,似た者プリンセス,土肥耕造
595,似た者プリンセス,藤枝繁
596,似た者プリンセス,藤枝幹雄
597,似た者プリンセス,藤枝素華
598,東都現像所の秘密,唐田敬善
599,東都現像所の秘密,根上慶彦
600,東都現像所の秘密,穂島朗
601,東都現像所の秘密,古村徳宏
602,4台のポルシェ,伴場幸哉
603,4台のポルシェ,布袋鋭司
604,4台のポルシェ,泰山薫
605,4台のポルシェ,暮木義人
606,トイレに隠した秘密,出島壮平
607,トイレに隠した秘密,財津浮彦
608,トイレに隠した秘密,今井徹夫
609,トイレに隠した秘密,夏堀勇
610,コンビニの落とし穴,七川絢
611,コンビニの落とし穴,コンビニエンス・サンデーマート店長
612,コンビニの落とし穴,コンビニエンス・サンデーマート店員
613,コンビニの落とし穴,大学生っぽい客
614,コンビニの落とし穴,サラリーマン風の客
615,コンビニの落とし穴,頑固者のおばあさん
616,黒の組織と真っ向勝負満月の夜の二元ミステリー,亡霊船長キャプテンゴールド＝福浦千造（パーティー参加者）
617,黒の組織と真っ向勝負満月の夜の二元ミステリー,メデューサ（パーティー参加者）
618,黒の組織と真っ向勝負満月の夜の二元ミステリー,狼男（パーティー参加者）
619,黒の組織と真っ向勝負満月の夜の二元ミステリー,フランケン（パーティー参加者）
620,黒の組織と真っ向勝負満月の夜の二元ミステリー,ミイラ男（パーティー参加者）
621,黒の組織と真っ向勝負満月の夜の二元ミステリー,ゾンビ（パーティー参加者）
622,黒の組織と真っ向勝負満月の夜の二元ミステリー,透明人間（パーティー参加者）
623,黒の組織と真っ向勝負満月の夜の二元ミステリー,新出智明
624,黒の組織と真っ向勝負満月の夜の二元ミステリー,カルバドス
625,お尻のマークを探せ！,通り魔の被害者
626,お尻のマークを探せ！,榎本洋
627,お尻のマークを探せ！,福地直和
628,お尻のマークを探せ！,出川俊昭
629,忘れられた携帯電話,眼鏡の小太りの男
630,忘れられた携帯電話,強面の男
631,忘れられた携帯電話,角刈りの男
632,忘れられた携帯電話,サングラスの男
633,忘れられた携帯電話,倍賞周平
634,どっちの推理ショー,愛甲奈央
635,どっちの推理ショー,波佐見淳
636,どっちの推理ショー,中紙功男
637,どっちの推理ショー,岩富創
638,甲子園の奇跡！見えない悪魔に負けず嫌い,大滝警部
639,甲子園の奇跡！見えない悪魔に負けず嫌い,甲子園の魔物
640,甲子園の奇跡！見えない悪魔に負けず嫌い,長島茂雄（港南高校野球部員）
641,甲子園の奇跡！見えない悪魔に負けず嫌い,稲尾一久（大金高校野球部員）
642,本庁の刑事恋物語6,松本清長
643,本庁の刑事恋物語6,高木長介
644,本庁の刑事恋物語6,仲本広俊
645,本庁の刑事恋物語6,志村由依
646,本庁の刑事恋物語6,加藤彰
647,怪盗キッドの驚異空中歩行,ルパン（次郎吉の愛犬）
648,帝丹高校学校怪談,保坂英彰
649,帝丹高校学校怪談,塚本数美
650,帝丹高校学校怪談,世古国繁
651,帝丹高校学校怪談,物部雅生
652,帝丹高校学校怪談,帝丹高校校長
653,丸見え埠頭の惨劇,白根桐子
654,丸見え埠頭の惨劇,金谷峰人
655,丸見え埠頭の惨劇,江尻太志
656,丸見え埠頭の惨劇,井田巌
657,物言わぬ航路,能勢利三
658,物言わぬ航路,本山正治
659,物言わぬ航路,沖縄日売ＴＶ・寺西
660,物言わぬ航路,沖縄県警の警部
661,星と煙草の暗号,野々宮悦子
662,星と煙草の暗号,天土陵司
663,星と煙草の暗号,二川肇
664,星と煙草の暗号,御上平八
665,星と煙草の暗号,河埜麻雄
666,ストラディバリウスの不協和音[前奏曲／間奏曲／後奏曲],津曲紅生
667,ストラディバリウスの不協和音[前奏曲／間奏曲／後奏曲],設楽蓮希
668,ストラディバリウスの不協和音[前奏曲／間奏曲／後奏曲],設楽弦三郎
669,ストラディバリウスの不協和音[前奏曲／間奏曲／後奏曲],羽賀響輔
670,ストラディバリウスの不協和音[前奏曲／間奏曲／後奏曲],設楽絢音
671,ストラディバリウスの不協和音[前奏曲／間奏曲／後奏曲],設楽調一郎
672,奇抜な屋敷の大冒険[封印編／絡繰編／解決編],玉井照尚
673,奇抜な屋敷の大冒険[封印編／絡繰編／解決編],老婆
674,奇抜な屋敷の大冒険[封印編／絡繰編／解決編],トレジャーハンターの男
675,奇抜な屋敷の大冒険[封印編／絡繰編／解決編],トレジャーハンターの女
676,奇妙な一家の依頼疑惑を持った蘭,狩谷伴子
677,奇妙な一家の依頼疑惑を持った蘭,狩谷大策
678,奇妙な一家の依頼疑惑を持った蘭,狩谷滋英
679,奇妙な一家の依頼疑惑を持った蘭,狩谷嗣貴
680,奇妙な一家の依頼疑惑を持った蘭,狩谷叡祐
681,奇妙な一家の依頼疑惑を持った蘭,相田素花
682,宝石強盗現行犯,猫田栄信
683,宝石強盗現行犯,後村
684,宝石強盗現行犯,伊坂
685,コナン・平次の推理マジック[仕掛編／館編／解決編],星川童吾
686,コナン・平次の推理マジック[仕掛編／館編／解決編],範田力
687,コナン・平次の推理マジック[仕掛編／館編／解決編],姫宮展子
688,コナン・平次の推理マジック[仕掛編／館編／解決編],正影満里
689,コナン・平次の推理マジック[仕掛編／館編／解決編],Mr.正影
690,神社鳥居ビックリ暗号,見山
691,神社鳥居ビックリ暗号,嘉納
692,神社鳥居ビックリ暗号,矢沼
693,神社鳥居ビックリ暗号,尾藤
694,仏滅に出る悪霊[事件編／疑惑編／解決編],赤塚賢造
695,仏滅に出る悪霊[事件編／疑惑編／解決編],綿引勝史
696,仏滅に出る悪霊[事件編／疑惑編／解決編],先崎波花
697,仏滅に出る悪霊[事件編／疑惑編／解決編],先崎茂子
698,仏滅に出る悪霊[事件編／疑惑編／解決編],国友安栄
699,仏滅に出る悪霊[事件編／疑惑編／解決編],関口俊道
700,仏滅に出る悪霊[事件編／疑惑編／解決編],国友淳大
701,ブラックインパクト！組織の手が届く瞬間,小学生の男の子
702,ブラックインパクト！組織の手が届く瞬間,常盤栄策
703,ブラックインパクト！組織の手が届く瞬間,千堂順司
704,ブラックインパクト！組織の手が届く瞬間,土門康輝
705,ブラックインパクト！組織の手が届く瞬間,毒島桐子
706,超秘密の通学路,雨宮祥子
707,超秘密の通学路,平山文吾
708,超秘密の通学路,サンデーマート店員
709,超秘密の通学路,保本ひかる
710,もう戻れない二人,三角篤
711,もう戻れない二人,安実
712,本庁の刑事恋物語7,江本将史
713,本庁の刑事恋物語7,江本彩
714,本庁の刑事恋物語7,六田卓児
715,本庁の刑事恋物語7,引屋門成
716,本庁の刑事恋物語7,佐塚良兼
717,本庁の刑事恋物語7,浩太
718,探偵団に注目取材,杉森政人
719,探偵団に注目取材,蓬田晴華
720,探偵団に注目取材,桧垣敏則
721,探偵団に注目取材,稲葉淳史
722,平次の思い出,箕輪奨兵
723,平次の思い出,大山守蔵
724,平次の思い出,水上二朗
725,平次の思い出,三俣耕介
726,平次の思い出,立石雫
727,平次の思い出,片品陸人
728,平次の思い出,服部静華
729,平次の思い出,服部平蔵
730,お魚メールの追跡,長部満
731,お魚メールの追跡,満の父
732,お魚メールの追跡,満の母
733,ため息潮干狩り,牛込嗣夫
734,ため息潮干狩り,八島光枝
735,ため息潮干狩り,三瀬隆
736,ため息潮干狩り,久津梢子
737,ロシアンブルーの秘密,ゴロ
738,ロシアンブルーの秘密,桐下
739,ロシアンブルーの秘密,桐下の娘
740,封印された洋窓,槙野純
741,封印された洋窓,天堂亨
742,封印された洋窓,倉本耀治
743,封印された洋窓,保波倫子
744,因縁と友情の試写会,建井文吾
745,因縁と友情の試写会,鳴川
746,因縁と友情の試写会,亜美
747,本庁の刑事恋物語[偽りのウェディング],益戸麗
748,本庁の刑事恋物語[偽りのウェディング],平正輝
749,本庁の刑事恋物語[偽りのウェディング],郡司倫造
750,本庁の刑事恋物語[偽りのウェディング],島袋貞悟
751,本庁の刑事恋物語[偽りのウェディング],軽辺福春
752,ひっくり返った結末,萬田年久
753,ひっくり返った結末,ノベル
754,ひっくり返った結末,原本高平
755,ひっくり返った結末,島木
756,ひっくり返った結末,市村
757,園子の赤いハンカチ,大隈勇
758,園子の赤いハンカチ,綿貫辰三
759,園子の赤いハンカチ,ハンス・バックリー
760,園子の赤いハンカチ,八月一日
761,怪盗キッドと四名画,及川武頼
762,怪盗キッドと四名画,神原晴仁
763,1年B組大作戦！,東尾マリア
764,1年B組大作戦！,坂本たくま
765,黒の組織の影[幼い目撃者／奇妙な照明],板垣ロク
766,黒の組織の影[幼い目撃者／奇妙な照明],柱谷巧
767,黒の組織の影[幼い目撃者／奇妙な照明],巧の父親
768,黒の組織の影[幼い目撃者／奇妙な照明],桐谷
769,黒の組織の影[幼い目撃者／奇妙な照明],安井
770,黒の組織の影[幼い目撃者／奇妙な照明],関内
771,黒の組織の影[謎の高額報酬／真珠の流れ星],船本達仁
772,黒の組織の影[謎の高額報酬／真珠の流れ星],船本兼世
773,黒の組織の影[謎の高額報酬／真珠の流れ星],茂野孝美
774,黒の組織の影[謎の高額報酬／真珠の流れ星],船本透司
775,割れない雪だるま,小倉朔子
776,割れない雪だるま,木山鍛治
777,割れない雪だるま,尾上麻華
778,割れない雪だるま,板橋一八
779,服部平次との3日間[1],傳久
780,服部平次との3日間[1],釈蓮
781,服部平次との3日間[1],文久
782,服部平次との3日間[1],林久
783,服部平次との3日間[2],槌尾広生
784,服部平次との3日間[2],越水七槻
785,服部平次との3日間[2],時津潤哉
786,服部平次との3日間[2],甲谷廉三
787,服部平次との3日間[2],白馬探
788,元太の必殺シュート,赤木英雄
789,元太の必殺シュート,児島乾史
790,元太の必殺シュート,ルトガー・ハイネン
791,元太の必殺シュート,稲垣大将
792,元太の必殺シュート,玄田辰造
793,工藤新一少年の冒険,黒羽盗一（先代怪盗キッド）
794,妃英理弁護士の恋,ゴロ
795,妃英理弁護士の恋,栗山緑
796,妃英理弁護士の恋,戸部先生
797,本庁の刑事恋物語8[左手の薬指],諸口益貴
798,本庁の刑事恋物語8[左手の薬指],出島覚治
799,本庁の刑事恋物語8[左手の薬指],垂水亘
800,本庁の刑事恋物語8[左手の薬指],穴吹晴栄
801,山姥の刃物,田中伊和江
802,山姥の刃物,大庭茜
803,山姥の刃物,足立頼人
804,山姥の刃物,香原風雅
805,山姥の刃物,田中祥太
806,黒い写真の行方,西郡宗兵
807,黒い写真の行方,早織
808,黒い写真の行方,古庄
809,黒い写真の行方,多湖
810,赤と黒のクラッシュ[発端／血縁],七川絢
811,赤と黒のクラッシュ[発端／血縁],庵野
812,赤と黒のクラッシュ[発端／血縁],庵野の母
813,赤と黒のクラッシュ[血縁／絶叫／冥土],奥平詠子
814,赤と黒のクラッシュ[血縁／絶叫／冥土],田端菊代
815,赤と黒のクラッシュ[血縁／絶叫／冥土],瀬川旗郎
816,赤と黒のクラッシュ[血縁／絶叫／冥土],奥平角蔵
817,赤と黒のクラッシュ[血縁／絶叫／冥土],奥平鍛吾
818,テレビ局の悪魔,サタン鬼塚
819,テレビ局の悪魔,サタン鬼塚のマネージャー
820,テレビ局の悪魔,漆原典児
821,逃亡者,庵野
822,赤と黒のクラッシュ[昏睡／侵入],新木張太郎
823,赤と黒のクラッシュ[昏睡／侵入],楠田陸道
824,赤と黒のクラッシュ[昏睡／侵入],西矢忠吾
825,赤と黒のクラッシュ[昏睡／侵入],杯戸中央病院院長
826,赤と黒のクラッシュ[覚醒／攪乱／偽装／遺言／嫌疑],
827,赤と黒のクラッシュ[嫌疑／潔白／決死／殉職],イリーナ・パーマー
828,赤と黒のクラッシュ[嫌疑／潔白／決死／殉職],ハル・バックナー
829,赤と黒のクラッシュ[嫌疑／潔白／決死／殉職],トビー・ケインズ
830,赤と黒のクラッシュ[嫌疑／潔白／決死／殉職],須内廉治
831,弁護士妃英理の証言,葉坂皆代
832,弁護士妃英理の証言,永作司朗
833,風林火山迷宮の鎧武者／陰と雷光の決着,虎田直信
834,風林火山迷宮の鎧武者／陰と雷光の決着,虎田義郎
835,風林火山迷宮の鎧武者／陰と雷光の決着,虎田達栄
836,風林火山迷宮の鎧武者／陰と雷光の決着,虎田繁次
837,風林火山迷宮の鎧武者／陰と雷光の決着,龍尾康司
838,風林火山迷宮の鎧武者／陰と雷光の決着,龍尾為史
839,風林火山迷宮の鎧武者／陰と雷光の決着,龍尾盛代
840,風林火山迷宮の鎧武者／陰と雷光の決着,龍尾景
841,風林火山迷宮の鎧武者／陰と雷光の決着,龍尾綾華
842,風林火山迷宮の鎧武者／陰と雷光の決着,甲斐玄人
843,カラオケBOXの死角,茂庭巽
844,カラオケBOXの死角,玉井邦男
845,カラオケBOXの死角,本間恭太
846,カラオケBOXの死角,有元懇治
847,カラオケBOXの死角,有元の彼女
848,赤白黄色と探偵団／W暗号ミステリー,杉浦開人
849,赤白黄色と探偵団／W暗号ミステリー,細井竜平
850,赤白黄色と探偵団／W暗号ミステリー,真壁吟也
851,赤白黄色と探偵団／W暗号ミステリー,弓長警部
852,都市伝説の正体,宅配便ドライバー
853,都市伝説の正体,バイク便ライダー
854,都市伝説の正体,ピザ配達人
855,都市伝説の正体,佐藤警部
856,殺意はコーヒーの香り,染井彰吾
857,殺意はコーヒーの香り,久住舞子
858,殺意はコーヒーの香り,中目頼策
859,怪盗キッドの瞬間移動魔術[テレポーテーションマジック],
860,憎しみの青い火花,周藤豪貴
861,憎しみの青い火花,銀林恵奈
862,憎しみの青い火花,弓長警部
863,推理対決!新一vs.沖矢昴,代田育雄
864,真犯人からの届け物,榎本杉人
865,真犯人からの届け物,河瀬透治
866,真犯人からの届け物,鳥平貴文
867,柔よく謎を制す,ゴロ
868,柔よく謎を制す,有沢悠子
869,柔よく謎を制す,梶本創
870,柔よく謎を制す,有沢嗣郎
871,柔よく謎を制す,梶本甲太
872,殺人犯、工藤新一／新一の正体に蘭の涙,屋田(日原)誠人
873,殺人犯、工藤新一／新一の正体に蘭の涙,城山数馬
874,殺人犯、工藤新一／新一の正体に蘭の涙,日原滝徳
875,殺人犯、工藤新一／新一の正体に蘭の涙,日原鐘子
876,殺人犯、工藤新一／新一の正体に蘭の涙,日原大樹
877,殺人犯、工藤新一／新一の正体に蘭の涙,氷川萌生
878,殺人犯、工藤新一／新一の正体に蘭の涙,川内深里
879,殺人犯、工藤新一／新一の正体に蘭の涙,屋田多麻子
880,本当に聞きたいコト,古城郡平
881,本当に聞きたいコト,溝端理子
882,本当に聞きたいコト,忠田篤男
883,本当に聞きたいコト,下鳥太志
884,本当に聞きたいコト,下鳥章
885,回転寿司ミステリー,我妻留造
886,回転寿司ミステリー,相園修
887,回転寿司ミステリー,並木段児
888,回転寿司ミステリー,武村咲子
889,犯人は元太の父ちゃん,小嶋権作
890,犯人は元太の父ちゃん,小嶋文太
891,犯人は元太の父ちゃん,小嶋元次
892,犯人は元太の父ちゃん,小嶋岩吉
893,霧にむせぶ魔女,江頭頼人
894,霧にむせぶ魔女,間船昭
895,霧にむせぶ魔女,半藤留実
896,霧にむせぶ魔女,川相晴華
897,霧にむせぶ魔女,遠田陣也
898,霧にむせぶ魔女,平良靖枝
899,霧にむせぶ魔女,山村刑事の祖母
900,魚が消える一角岩,江尻太志
901,魚が消える一角岩,井田巌
902,魚が消える一角岩,大戸六輔
903,魚が消える一角岩,青里周平
904,魚が消える一角岩,開田康次
905,魚が消える一角岩,赤峰光里
906,初恋の傷跡／過去を呼ぶ傷跡,庄堂胡桃
907,初恋の傷跡／過去を呼ぶ傷跡,保谷泰輔
908,初恋の傷跡／過去を呼ぶ傷跡,楠本隆平
909,初恋の傷跡／過去を呼ぶ傷跡,伴場創吾
910,初恋の傷跡／過去を呼ぶ傷跡,松本清長
911,新たなる傷跡と口笛の男／古き傷跡と刑事の魂,松本清長
912,新たなる傷跡と口笛の男／古き傷跡と刑事の魂,森村警視
913,新たなる傷跡と口笛の男／古き傷跡と刑事の魂,坊川継治
914,新たなる傷跡と口笛の男／古き傷跡と刑事の魂,麦田篤則
915,新たなる傷跡と口笛の男／古き傷跡と刑事の魂,鍋井進
916,新たなる傷跡と口笛の男／古き傷跡と刑事の魂,平棟堂次
917,新たなる傷跡と口笛の男／古き傷跡と刑事の魂,坊川舞子
918,新たなる傷跡と口笛の男／古き傷跡と刑事の魂,麦田秀邦
919,新たなる傷跡と口笛の男／古き傷跡と刑事の魂,鍋井永貴
920,新たなる傷跡と口笛の男／古き傷跡と刑事の魂,鬼保独郎
921,怪盗キッドvs.最強金庫,後藤善悟
922,怪盗キッドvs.最強金庫,秋津益彦
923,怪盗キッドvs.最強金庫,瀬戸瑞紀
924,怪盗キッドvs.最強金庫,茶木神太郎
925,探偵団vs.強盗団[騒然／沈黙],火傷の彼
926,探偵団vs.強盗団[騒然／沈黙],強盗犯一味
927,危険な2人連れ,
928,死亡の館、赤い壁[三顧の礼／掌中の物／死せる孔明／空城の計],明石周作
929,死亡の館、赤い壁[三顧の礼／掌中の物／死せる孔明／空城の計],翠川尚樹
930,死亡の館、赤い壁[三顧の礼／掌中の物／死せる孔明／空城の計],小橋葵
931,死亡の館、赤い壁[三顧の礼／掌中の物／死せる孔明／空城の計],山吹紹二
932,死亡の館、赤い壁[三顧の礼／掌中の物／死せる孔明／空城の計],百瀬卓人
933,死亡の館、赤い壁[三顧の礼／掌中の物／死せる孔明／空城の計],直木司郎
934,白鳥警部、桜の思い出,笠倉那海
935,白鳥警部、桜の思い出,染井芳郎
936,もののけ倉でお宝バトル,倉の持ち主の老人
937,もののけ倉でお宝バトル,百瀬警部
938,恥ずかしいお守りの行方,国末照明
939,恥ずかしいお守りの行方,国末の友人
940,恥ずかしいお守りの行方,薩摩和雄
941,恥ずかしいお守りの行方,春藤健吾
942,恥ずかしいお守りの行方,久間卓哉
943,黒きドレスのアリバイ,久瀬未紘
944,黒きドレスのアリバイ,庄堂唯佳
945,危機呼ぶ赤い前兆[オーメン],代田恭三
946,黒き13の暗示[サジェスト]／迫る黒の刻限[タイムリミット]／赤く揺れる照準[ターゲット],爆弾犯の男
947,黒き13の暗示[サジェスト]／迫る黒の刻限[タイムリミット]／赤く揺れる照準[ターゲット],丸岡麻衣
948,黒き13の暗示[サジェスト]／迫る黒の刻限[タイムリミット]／赤く揺れる照準[ターゲット],火傷の彼
949,小林先生の恋／白鳥警部の失恋／時を超える桜の恋,隅田晶
950,小林先生の恋／白鳥警部の失恋／時を超える桜の恋,鍵谷菊奈
951,小林先生の恋／白鳥警部の失恋／時を超える桜の恋,滝本両子
952,小林先生の恋／白鳥警部の失恋／時を超える桜の恋,児玉柳介
953,最悪な誕生日[バースデー],国分秋穂
954,最悪な誕生日[バースデー],国分建彦
955,最悪な誕生日[バースデー],日野緑
956,最悪な誕生日[バースデー],日野成治
957,闇に消えた麒麟の角／キッドvs.四神探偵団,新海樹梨
958,闇に消えた麒麟の角／キッドvs.四神探偵団,増井祥吾
959,闇に消えた麒麟の角／キッドvs.四神探偵団,日住勲
960,猿と熊手のトリ物帖,火野辰男
961,猿と熊手のトリ物帖,猿川久巳
962,猿と熊手のトリ物帖,水江申次
963,沼底からの依頼,徳備六朗
964,沼底からの依頼,荒岩一揮
965,沼底からの依頼,沼山伴蔵
966,沼底からの依頼,野平坊介
967,湯煙密室のシナリオ,名取深汐
968,湯煙密室のシナリオ,丹沢純作
969,湯煙密室のシナリオ,鉄山厳治
970,湯煙密室のシナリオ,寺堂雲平
971,裏切りのホワイトデー,浦井垂人
972,裏切りのホワイトデー,浦井星江
973,裏切りのホワイトデー,目暮みどり
974,日記が奏でる秘密,小野田恵太
975,日記が奏でる秘密,恵太の母
976,日記が奏でる秘密,千明
977,日記が奏でる秘密,千明の父
978,コナンキッドの竜馬お宝攻防戦,樽見猪彦
979,コナンキッドの竜馬お宝攻防戦,華村政之輔
980,コナンキッドの竜馬お宝攻防戦,茶木神太郎
981,被害者はクドウシンイチ／犬伏城炎の魔犬,虻川舟江
982,被害者はクドウシンイチ／犬伏城炎の魔犬,工藤伸壱
983,被害者はクドウシンイチ／犬伏城炎の魔犬,犬伏幸姫
984,被害者はクドウシンイチ／犬伏城炎の魔犬,犬伏考子
985,被害者はクドウシンイチ／犬伏城炎の魔犬,犬伏娑臣
986,被害者はクドウシンイチ／犬伏城炎の魔犬,犬伏知晃
987,被害者はクドウシンイチ／犬伏城炎の魔犬,犬伏禅也
988,被害者はクドウシンイチ／犬伏城炎の魔犬,犬伏佐記
989,千葉刑事の初恋,
990,ホームズの黙示録,ダイアナ・キングストン
991,ホームズの黙示録,ミネルバ・グラス
992,ホームズの黙示録,アポロ・グラス
993,ホームズの黙示録,ジュノ・グラス
994,ホームズの黙示録,アレス・アシュレイ
995,ホームズの黙示録,ハーデス・サバラ
996,緊急事態２５２,悪い２人組
997,絶叫手術室［オペルーム］,辻栄尊作
998,絶叫手術室［オペルーム］,蜂谷貴市
999,絶叫手術室［オペルーム］,唯見安菜
1000,絶叫手術室［オペルーム］,村主睦
1001,カルタ取り危機一髪,浦船正男
1002,カルタ取り危機一髪,ニセ浦船夫妻
1003,カルタ取り危機一髪,桧田プロデューサー
1004,カルタ取り危機一髪,浦船正男の母親
1005,時の番人の刃,青梅岳道
1006,時の番人の刃,保科瑠華子
1007,時の番人の刃,軽辺定悟
1008,時の番人の刃,周防知秋
1009,時の番人の刃,古垣倫作
1010,死ぬほど美味いラーメン,小倉功雅
1011,死ぬほど美味いラーメン,大橋彩代
1012,死ぬほど美味いラーメン,西津徳盛
1013,死ぬほど美味いラーメン,谷中篤
1014,幽霊ホテルの推理対決,昼川利子
1015,幽霊ホテルの推理対決,上住貞伍
1016,探偵事務所籠城事件,光井珠実
1017,探偵事務所籠城事件,湯地志信
1018,探偵事務所籠城事件,二瓶純夏
1019,探偵事務所籠城事件,沢栗勲
1020,探偵事務所籠城事件,沢栗未紅
1021,動画サイト誘拐事件,神辺敏夫
1022,動画サイト誘拐事件,神辺の妻
1023,コナンVS平次東西探偵推理勝負,須貝絡利
1024,コナンVS平次東西探偵推理勝負,甘粕亨
1025,コナンVS平次東西探偵推理勝負,東條参平
1026,コナンVS平次東西探偵推理勝負,柴宮研吾
1027,毒と幻のデザイン,若松耕平
1028,毒と幻のデザイン,若松芹香
1029,毒と幻のデザイン,若松育郎
1030,毒と幻のデザイン,椎名正繁
1031,毒と幻のデザイン,藤波純夫
1032,毒と幻のデザイン,佐竹好美
1033,毒と幻のデザイン,米原桜子
1034,小五郎さんはいい人,桐谷貴江
1035,小五郎さんはいい人,恩田遼平
1036,小五郎さんはいい人,坂内久実
1037,小五郎さんはいい人,石亀謙
1038,小五郎さんはいい人,兵頭順治
1039,小五郎さんはいい人,傳川源佑
1040,初恋の共同捜査,千葉刑事の友人
1041,初恋の共同捜査,重井徳子
1042,初恋の共同捜査,福地明歳
1043,初恋の共同捜査,名和武朗
1044,ウェディング・イブ,伴場頼太
1045,ウェディング・イブ,加門初音
1046,ウェディング・イブ,春岡参治
1047,探偵たちの夜想曲[ノクターン］[事件／誘拐／推理／バーボン],樫塚圭
1048,探偵たちの夜想曲[ノクターン］[事件／誘拐／推理／バーボン],浦川芹奈
1049,探偵たちの夜想曲[ノクターン］[事件／誘拐／推理／バーボン],庄野賢也
1050,探偵たちの夜想曲[ノクターン］[事件／誘拐／推理／バーボン],豊北倫子
1051,探偵たちの夜想曲[ノクターン］[事件／誘拐／推理／バーボン],降屋栄絵
1052,探偵たちの夜想曲[ノクターン］[事件／誘拐／推理／バーボン],手川隆代
1053,１ミリも許さない,紺野宅司
1054,１ミリも許さない,紺野純夏
1055,１ミリも許さない,火傷の彼
1056,命を賭けた恋愛中継[中継開始／絶体絶命／現場突入],松本清長
1057,命を賭けた恋愛中継[中継開始／絶体絶命／現場突入],徳木侑子
1058,命を賭けた恋愛中継[中継開始／絶体絶命／現場突入],ナタリー・来間
1059,命を賭けた恋愛中継[中継開始／絶体絶命／現場突入],彦上京華
1060,命を賭けた恋愛中継[中継開始／絶体絶命／現場突入],笛本隆策
1061,泡と湯気と煙,勝本大作
1062,泡と湯気と煙,荻野啓佑
1063,泡と湯気と煙,月原香
1064,泡と湯気と煙,袖崎和友
1065,工藤優作の未解決事件[コールド・ケース],郡山武文
1066,工藤優作の未解決事件[コールド・ケース],西村亮佑
1067,工藤優作の未解決事件[コールド・ケース],高市勲
1068,灰原の秘密に迫る影,米住速道
1069,灰原の秘密に迫る影,宇佐木跳三
1070,灰原の秘密に迫る影,岩隈猛也
1071,漆黒の特急[ミステリートレイン][発車／隧道／交差／終点],安東諭
1072,漆黒の特急[ミステリートレイン][発車／隧道／交差／終点],能登泰策
1073,漆黒の特急[ミステリートレイン][発車／隧道／交差／終点],出波茉利
1074,漆黒の特急[ミステリートレイン][発車／隧道／交差／終点],小蓑夏江
1075,漆黒の特急[ミステリートレイン][発車／隧道／交差／終点],住友昼花
1076,漆黒の特急[ミステリートレイン][発車／隧道／交差／終点],室橋悦人
1077,漆黒の特急[ミステリートレイン][発車／隧道／交差／終点],板倉卓
1078,漆黒の特急[ミステリートレイン][発車／隧道／交差／終点],ベルツリー急行車掌
1079,漆黒の特急[ミステリートレイン][発車／隧道／交差／終点],愛知県警
1080,密室にいるコナン／謎解きするバーボン,桃園琴音
1081,密室にいるコナン／謎解きするバーボン,梅島真知
1082,密室にいるコナン／謎解きするバーボン,石栗三朗
1083,密室にいるコナン／謎解きするバーボン,高梨昇
1084,密室にいるコナン／謎解きするバーボン,瓜生
1085,コナンvs．キッド赤面の人魚[ブラッシュマーメイド],茶木警視
1086,みんなが見ていた,大滝警部
1087,みんなが見ていた,観月秀理
1088,みんなが見ていた,肥土桐也
1089,みんなが見ていた,布浦海象
1090,みんなが見ていた,名波
1091,みんなが見ていた,陸奥勲雄
1092,みんなが見ていた,余田拓郎
1093,みんなが見ていた,井筒尚子
1094,みんなが見ていた,服部平蔵
1095,服部平次と吸血鬼館,大滝警部
1096,服部平次と吸血鬼館,服部平蔵
1097,服部平次と吸血鬼館,寅倉迫弥
1098,服部平次と吸血鬼館,古賀陸重
1099,服部平次と吸血鬼館,寅倉瑠莉
1100,服部平次と吸血鬼館,寅倉麻信
1101,服部平次と吸血鬼館,寅倉守与
1102,服部平次と吸血鬼館,羽川条平
1103,服部平次と吸血鬼館,寅倉岸治
1104,服部平次と吸血鬼館,寅倉実那
1105,服部平次と吸血鬼館,桧原ひかる
1106,服部平次と吸血鬼館,メイドの清水
1107,服部平次と吸血鬼館,桧原陽子
1108,服部平次と吸血鬼館,館のシェフ
1109,甘く冷たい宅配便,宅配業者の２人組
1110,果実が詰まった宝箱,栗村習平
1111,果実が詰まった宝箱,春日寺文
1112,果実が詰まった宝箱,武木正徳
1113,果実が詰まった宝箱,樽岡利英
1114,果実が詰まった宝箱,降谷渡
1115,果実が詰まった宝箱,榎戸呉亜
1116,果実が詰まった宝箱,剣崎修
1117,現場の隣人は元カレ,米原桜子
1118,現場の隣人は元カレ,伊丹永信
1119,現場の隣人は元カレ,伊丹知代子
1120,現場の隣人は元カレ,伊丹靖家
1121,ジョディの追憶とお花見の罠,坂巻重守
1122,ジョディの追憶とお花見の罠,弁崎桐平
1123,ジョディの追憶とお花見の罠,弁崎素江
1124,ジョディの追憶とお花見の罠,矢谷郁代
1125,ジョディの追憶とお花見の罠,段野頼子
1126,小五郎はＢＡＲにいる,福井柚嬉
1127,小五郎はＢＡＲにいる,薄田周史
1128,小五郎はＢＡＲにいる,岸浦実夏
1129,小五郎はＢＡＲにいる,初村健策
1130,小五郎はＢＡＲにいる,小暮紋平
1131,小五郎はＢＡＲにいる,吉桑
1132,小五郎はＢＡＲにいる,弁崎桐平
1133,蘭も倒れたバスルーム,北尾敬子
1134,蘭も倒れたバスルーム,北尾留海
1135,蘭も倒れたバスルーム,摂津健哉
1136,蘭も倒れたバスルーム,加賀充昭
1137,蘭も倒れたバスルーム,橋谷和香
1138,容疑者か京極真,門奈道子
1139,容疑者か京極真,正木すなみ
1140,容疑者か京極真,丹波聖泰
1141,怪盗キッドＶＳ京極真,鈴木史郎
1142,怪盗キッドＶＳ京極真,鈴木朋子
1143,怪盗キッドＶＳ京極真,茶木神太郎
1144,招き三毛猫の事件,大尉
1145,招き三毛猫の事件,雨澤章吾
1146,招き三毛猫の事件,益子貞司
1147,招き三毛猫の事件,舎川睦実
1148,招き三毛猫の事件,ゴロ
1149,招き三毛猫の事件,露口降代
1150,招き三毛猫の事件,麻生茉莉
1151,招き三毛猫の事件,漆屋倫平
1152,本庁の刑事恋物語[告白／真相],真壁則也
1153,本庁の刑事恋物語[告白／真相],志賀敏成
1154,本庁の刑事恋物語[告白／真相],安富裕人
1155,本庁の刑事恋物語[告白／真相],志賀美伽
1156,赤女の悲劇,峰岸珠美
1157,赤女の悲劇,河名澄香
1158,赤女の悲劇,薄谷昌家
1159,赤女の悲劇,任田甚輔
1160,赤女の悲劇,伊元聡子
1161,赤女の悲劇,嶽野駒世
1162,赤女の悲劇,香川志信
1163,意外な結果の恋愛小説,火浦京伍
1164,意外な結果の恋愛小説,水無月千秋
1165,意外な結果の恋愛小説,火浦の担当編集者
1166,コナンと平次恋の暗号,大滝警部
1167,コナンと平次恋の暗号,強面のオッチャン
1168,コナンと平次恋の暗号,ブランドの女
1169,コナンと平次恋の暗号,チャラい兄ちゃん
1170,工藤新一水族館事件,朱本国博
1171,工藤新一水族館事件,中桐鹿子
1172,工藤新一水族館事件,尾城那穂
1173,工藤新一水族館事件,仁部浩大
1174,堤無津川凧揚げ事件,廉野亮太
1175,堤無津川凧揚げ事件,廉野敬実
1176,堤無津川凧揚げ事件,加倉由敏
1177,堤無津川凧揚げ事件,八越健
1178,堤無津川凧揚げ事件,比護隆佑
1179,堤無津川凧揚げ事件,真田貴大
1180,ギスギスしたお茶会,楠田陸道
1181,ギスギスしたお茶会,別府華月
1182,ギスギスしたお茶会,八方時枝
1183,ギスギスしたお茶会,高坂樹理
1184,ギスギスしたお茶会,須東伶菜
1185,ギスギスしたお茶会,須東恒夫
1186,緋色シリーズ［序章／追求］,澁谷夏子
1187,緋色シリーズ［序章／追求］,楠田陸道
1188,緋色シリーズ［序章／追求］,菅本佳晴
1189,緋色シリーズ［序章／追求］,植野晶代
1190,緋色シリーズ［序章／追求］,神立文幸
1191,緋色シリーズ［交錯／帰還／真相］,楠田陸道
1192,太閤恋する名人戦,勝又力
1193,太閤恋する名人戦,谷森棋士
1194,太閤恋する名人戦,谷森桂子
1195,真夏のプールに沈む謎,左巻頼斗
1196,真夏のプールに沈む謎,大磯永美
1197,真夏のプールに沈む謎,大磯浜香
1198,真夏のプールに沈む謎,豊島延策
1199,真夏のプールに沈む謎,ホテルのボーイ
1200,真夏のプールに沈む謎,ホテルの受付
1201,三人の第一発見者,雁野守
1202,三人の第一発見者,駒井保江
1203,三人の第一発見者,阪場論平
1204,三人の第一発見者,幅中倉道
1205,三人の第一発見者,柴苅殿治
1206,かまいたちの宿,中間台悟
1207,かまいたちの宿,小柳緑
1208,かまいたちの宿,大野康平
1209,かまいたちの宿,大野高美
1210,かまいたちの宿,大野盆蔵
1211,県警の黒い闇,三枝守
1212,県警の黒い闇,秋山信介
1213,県警の黒い闇,鹿野晶次
1214,県警の黒い闇,竹田繁
1215,県警の黒い闇,油川艶子
1216,ブログ女優の密室事件,北見沙弥
1217,ブログ女優の密室事件,庄野杏奈
1218,ブログ女優の密室事件,米原桜子
1219,ブログ女優の密室事件,ドラマ「トップクラス」スタッフ
1220,ブログ女優の密室事件,元太の両親
1221,サクラ組の思い出（蘭GIRL／新一BOY）,江舟論介
1222,サクラ組の思い出（蘭GIRL／新一BOY）,江舟の妻
1223,サクラ組の思い出（蘭GIRL／新一BOY）,江舟の義弟
1224,サクラ組の思い出（蘭GIRL／新一BOY）,米花保育園の児童
1225,容疑者は熱愛カップル,比護隆佑
1226,容疑者は熱愛カップル,真田貴大
1227,容疑者は熱愛カップル,山田晃通
1228,容疑者は熱愛カップル,伴場嶺子
1229,容疑者は熱愛カップル,鴻江保人
1230,容疑者は熱愛カップル,飛鳥悌耶
1231,死ぬほど美味いラーメン２,小倉功雅
1232,死ぬほど美味いラーメン２,大橋彩代
1233,死ぬほど美味いラーメン２,荘野由奈
1234,死ぬほど美味いラーメン２,水科宗輔
1235,死ぬほど美味いラーメン２,仲西修
1236,死ぬほど美味いラーメン２,頓田温子
1237,ゾンビが囲む別荘,内東徹人
1238,ゾンビが囲む別荘,河端理亜
1239,ゾンビが囲む別荘,原脇崇
1240,ゾンビが囲む別荘,江尻恭子
1241,ゾンビが囲む別荘,倍賞織江
1242,ゾンビが囲む別荘,二宮雅八
1243,ゾンビが囲む別荘,内東丞治
1244,ゾンビが囲む別荘,映画のエキストラ
1245,仲の悪いガールズバンド,ポアロの客
1246,仲の悪いガールズバンド,木船染花
1247,仲の悪いガールズバンド,笛川唯子
1248,仲の悪いガールズバンド,小暮留海
1249,仲の悪いガールズバンド,山路萩江
1250,仲の悪いガールズバンド,首頭朱音
1251,探偵団はヤブの中,細越氏康
1252,探偵団はヤブの中,鎌屋崇司
1253,探偵団はヤブの中,鹿間充子
1254,探偵団はヤブの中,宮台優
1255,千葉のUFO難事件,和田陽奈
1256,千葉のUFO難事件,中津恭吾
1257,千葉のUFO難事件,朽木雄輔
1258,婚姻届のパスワード,八塚虎六
1259,婚姻届のパスワード,勝又力
1260,17年前と同じ現場,樋山邦寿
1261,17年前と同じ現場,仙波和徳
1262,17年前と同じ現場,羽田浩司
1263,17年前と同じ現場,アマンダ・ヒューズ
1264,霊魂探偵殺害事件,古栗参平
1265,霊魂探偵殺害事件,ホテルのボーイ
1266,霊魂探偵殺害事件,堀田凱人
1267,裏切りのステージ,波土禄道
1268,裏切りのステージ,円城佳苗
1269,裏切りのステージ,布施憶康
1270,裏切りのステージ,梶谷宏和
1271,コナンと平次の鵺伝説,竹隈殿輔
1272,コナンと平次の鵺伝説,丹沢道貴
1273,コナンと平次の鵺伝説,染地康克
1274,コナンと平次の鵺伝説,増子史絵
1275,コナンと平次の鵺伝説,鶴見肇
1276,コナンと平次の鵺伝説,シャルル・エイベル
1277,怪盗キッドの絡繰箱,友寄公華
1278,新任教師の骸骨事件,帝丹小学校校長
1279,新任教師の骸骨事件,強盗団
1280,試着室の死角,二塚朝世
1281,試着室の死角,南部玲亜
1282,試着室の死角,指原律子
1283,試着室の死角,八巻彩実
1284,さざ波の魔法使い,刑事
1285,さざ波の魔法使い,死んだ強盗
1286,さざ波の魔法使い,福水繁克
1287,さざ波の魔法使い,北森靖絵
1288,さざ波の魔法使い,大網頼哉
1289,さざ波の魔法使い,赤井務武
1290,となりの江戸前推理ショー,米花いろは寿司の大将
1291,となりの江戸前推理ショー,原島常貴
1292,となりの江戸前推理ショー,宗近為重
1293,となりの江戸前推理ショー,芦野捺芽
1294,となりの江戸前推理ショー,聖沢鈴代
1295,白い手の女,伴野貞悟
1296,白い手の女,飯山来美
1297,謎解きは喫茶ポアロで,大積明輔
1298,謎解きは喫茶ポアロで,山下唯
1299,謎解きは喫茶ポアロで,安斉典悟
1300,謎解きは喫茶ポアロで,永塚稔
1301,妃弁護士ＳＯＳ,栗山緑
1302,妃弁護士ＳＯＳ,妃英理被害者の会
1303,燃えるテントの怪,古岡美鳥
1304,燃えるテントの怪,芦沢純人
1305,燃えるテントの怪,漆原史昭
1306,燃えるテントの怪,段野邦典
1307,燃えるテントの怪,弓長警部
1308,恋と推理の剣道大会,抜谷士道
1309,恋と推理の剣道大会,安岡克成
1310,恋と推理の剣道大会,法村稔司
1311,恋と推理の剣道大会,横手恒之
1312,恋と推理の剣道大会,定森朱音
1313,恋と推理の剣道大会,生越倉彦
1314,恋と推理の剣道大会,鬼丸猛
1315,ＪＫトリオ秘密のカフェ,更家大輝
1316,ＪＫトリオ秘密のカフェ,本巣利範
1317,ＪＫトリオ秘密のカフェ,直村伊鈴
1318,ＪＫトリオ秘密のカフェ,蓮沼珠央
1319,心のこもったストラップ,比護隆佑
1320,心のこもったストラップ,吉田佑斗
1321,心のこもったストラップ,吉田佑斗の父親
1322,心のこもったストラップ,ストラップを狙う男
1323,紅の修学旅行,中道
1324,紅の修学旅行,鞍知景子
1325,紅の修学旅行,井隼森也
1326,紅の修学旅行,馬山峰人
1327,紅の修学旅行,阿賀田力
1328,紅の修学旅行,西木太郎
1329,紅の修学旅行,綾小路文麿
1330,紅の修学旅行,出栗未智男
1331,マリアちゃんをさがせ！,東尾マリア
1332,マリアちゃんをさがせ！,世界一の工藤一家フリーク
1333,マリアちゃんをさがせ！,烏丸蓮耶
1334,迷宮カクテル,諸岡郡蔵
1335,迷宮カクテル,深町惇史
1336,迷宮カクテル,朝倉有里
1337,迷宮カクテル,村上紗菜
1338,迷宮カクテル,宮野明美
1339,迷宮カクテル,宮野エレーナ
1340,迷宮カクテル,宮野厚司
1341,標的（ターゲット）は警視庁交通部,八木紫織
1342,標的（ターゲット）は警視庁交通部,百崎橙子
1343,標的（ターゲット）は警視庁交通部,由美子
1344,標的（ターゲット）は警視庁交通部,青野健吾
1345,標的（ターゲット）は警視庁交通部,赤峰萬治
1346,標的（ターゲット）は警視庁交通部,白山裕三
1347,標的（ターゲット）は警視庁交通部,藍子
1348,キッドＶＳ高明狙われた唇,鳥越苗路
1349,キッドＶＳ高明狙われた唇,山本萌奈
1350,代役・京極真,富岡茂松
1351,代役・京極真,尾取大策
1352,代役・京極真,徳薗彩也
1353,代役・京極真,神明奈々子
1354,代役・京極真,吠木曜太
1355,代役・京極真,油井英香
1356,代役・京極真,西部
1357,代役・京極真,宮野厚司
1358,代役・京極真,宮野エレーナ
1359,代役・京極真,烏丸蓮耶
1360,36マスの完全犯罪(パーフェクトゲーム),日原泰生
1361,36マスの完全犯罪(パーフェクトゲーム),藤出頼人
1362,36マスの完全犯罪(パーフェクトゲーム),和田孝平
1363,36マスの完全犯罪(パーフェクトゲーム),古浦郁絵
1364,36マスの完全犯罪(パーフェクトゲーム),川崎陽介
1365,36マスの完全犯罪(パーフェクトゲーム),西野澄也
1366,山菜狩りとクローバー,吹越桐司（閏間茂史）
1367,山菜狩りとクローバー,善田舞佳
1368,山菜狩りとクローバー,羽田浩司
1369,山菜狩りとクローバー,別荘の女
1370,骨董盆は隠せない,阿笠栗介
1371,骨董盆は隠せない,阿笠定子
1372,骨董盆は隠せない,西津法玄
1373,骨董盆は隠せない,遠島基行
1374,骨董盆は隠せない,蝶野欽治
1375,骨董盆は隠せない,坂巻鈴江
1376,骨董盆は隠せない,西津家の家政婦
1377,骨董盆は隠せない,羽田浩司
1378,骨董盆は隠せない,赤井務武
1379,大岡紅葉の挑戦状,浜名勉造
1380,大岡紅葉の挑戦状,柏木優
1381,大岡紅葉の挑戦状,菅田克信
1382,大岡紅葉の挑戦状,陣屋才輔
1383,大岡紅葉の挑戦状,４兄弟の両親
1384,大岡紅葉の挑戦状,羽田浩司
1385,太閤名人の将棋盤［初手編／妙手編／王手編］,赤井英雄
1386,太閤名人の将棋盤［初手編／妙手編／王手編］,比護隆佑
1387,太閤名人の将棋盤［初手編／妙手編／王手編］,錦戸公春
1388,太閤名人の将棋盤［初手編／妙手編／王手編］,羽田浩司
1389,太閤名人の将棋盤［初手編／妙手編／王手編］,勝又水菜
1390,太閤名人の将棋盤［初手編／妙手編／王手編］,勝又力
1391,太閤名人の将棋盤［初手編／妙手編／王手編］,瓜生祥子
1392,太閤名人の将棋盤［初手編／妙手編／王手編］,菱沼浩輔
1393,太閤名人の将棋盤［初手編／妙手編／王手編］,源田安清
1394,太閤名人の将棋盤［初手編／妙手編／王手編］,岸本雄平
1395,太閤名人の将棋盤［初手編／妙手編／王手編］,瓜生欣二
1396,太閤名人の将棋盤［初手編／妙手編／王手編］,弓長警部
1397,毒と薬の真相,関澤礼美
1398,毒と薬の真相,関澤祐美
1399,毒と薬の真相,櫛山認
1400,毒と薬の真相,初根継男
1401,毒と薬の真相,花崎瑞俊
1402,毒と薬の真相,ミネルバ・グラス
1403,牧場の悲劇,烏丸蓮耶
1404,牧場の悲劇,日塚順哉
1405,牧場の悲劇,南武敬
1406,牧場の悲劇,加納昭吾
1407,牧場の悲劇,鳩山海輔
1408,牧場の悲劇,鳩山義輔
1409,牧場の悲劇,羽田浩司
1410,屋根裏部屋の密室殺人事件,塀島湾也
1411,屋根裏部屋の密室殺人事件,馬場貫康
1412,屋根裏部屋の密室殺人事件,馬場風悟
1413,屋根裏部屋の密室殺人事件,馬場緋美
1414,屋根裏部屋の密室殺人事件,馬場宝華
1415,工藤優作の推理ショー,夢川彩子
1416,工藤優作の推理ショー,盛田敦美
1417,工藤優作の推理ショー,桐生泰二
1418,工藤優作の推理ショー,菅沢惟次
1419,FBI連続殺害事件,トニー
1420,FBI連続殺害事件,ジム・メイソン
1421,FBI連続殺害事件,チェン
1422,FBI連続殺害事件,アーロン
1423,FBI連続殺害事件,マーク
1424,FBI連続殺害事件,ビル
1425,FBI連続殺害事件,デイビッド
1426,FBI連続殺害事件,RUM
1427,縁結び神社殺人事件,氷高創志
1428,縁結び神社殺人事件,社本鶴美
1429,縁結び神社殺人事件,川野寅彦
1430,縁結び神社殺人事件,神内恭麻
1431,縁結び神社殺人事件,光本兵我
